id,name,segment,platform,url,handle,audience_size,location,contact_name,role,contact_email,contact_method,outreach_type,pitch_angle,stage,priority,source,source_detail,notes,created_at,last_updated
sara-reardon-dpt-instagram,"Sara Reardon, DPT",creator-instagram,Instagram,https://www.instagram.com/the.vagina.whisperer/,@the.vagina.whisperer,~500K+ Instagram followers,"New Orleans, LA",Dr. Sara Reardon,Board-certified pelvic floor physical therapist ('The Vagina Whisperer'),hello@thevagwhisperer.com,email,awareness,"Her core content is bladder leakage, UTIs, and pelvic floor recovery for postpartum and midlife women — UraGuard's antibacterial liner is a direct product fit for the exact audience she educates daily.",prospecting,P0,websearch-serp,postpartum incontinence influencer Instagram pelvic floor therapist US,"Also active on TikTok @thevagwhisperer and YouTube; has a public email and sells her own membership products, suggesting openness to partnerships.",2026-08-01,2026-08-01
susan-winograd-mspt-youtube,"Susan Winograd, MSPT",creator-youtube,YouTube,https://www.pelvicorerehab.com,@SusanWinogradPT,clinic-scale (regional following),"Boca Raton, FL",Susan Winograd,"Pelvic floor specialist, founder of Pelvicore Rehab & Wellness; published a YouTube video specifically on 'Menopause UTI Treatment'",pelvicorerehab@gmail.com,email,awareness,"She has already made dedicated content on menopause-related recurrent UTIs, making UraGuard's 96% bacterial-reduction liner a natural product recommendation for her patient education content.",prospecting,P0,websearch-serp,menopause nurse practitioner YouTube channel bladder health UTI,"Also on Instagram @pelvicorerehabandwellness; has a contact form and discovery-call booking, low-friction outreach.",2026-08-01,2026-08-01
dr-kelly-casperson-md-instagram,"Dr. Kelly Casperson, MD",creator-instagram,Instagram,https://www.instagram.com/kellycaspersonmd/,@kellycaspersonmd,"unverified (mid-size, active podcast + IG)","US (Pacific Northwest, urologist)",,"Urologist; host of 'You Are Not Broken' podcast covering perimenopause, incontinence, and hormone therapy",,contact-form,awareness,"As a urologist covering incontinence and menopause hormone changes on her podcast, UraGuard's UTI-risk-reduction liner is directly relevant clinical content she could discuss or review.",prospecting,P1,websearch-serp,menopause podcast host Instagram US women's health advocate incontinence content,Also on YouTube @kellycaspersonmd. Contact form at kellycaspersonmd.com/contact/.,2026-08-01,2026-08-01
dr-rena-malik-md-youtube,"Dr. Rena Malik, MD",creator-youtube,YouTube,https://renamalikmd.com/about/,Rena Malik MD,~3M followers across platforms; 550M+ YouTube views,"Southern California, US",,"Urologist and pelvic surgeon specializing in sexual medicine, urogynecology, menopause, and pelvic pain",,research-needed,awareness,"She covers urogynecology and menopause-related urinary issues at massive scale, and UraGuard's clinical UTI-risk data (96% bacterial reduction) fits her evidence-based content format.",prospecting,P1,websearch-serp,urogynecologist Instagram TikTok creator bladder health content US,Site returned 403 on fetch; business contact likely via management/agency — needs manual lookup. Also active on Instagram and TikTok.,2026-08-01,2026-08-01
dr-heather-hirsch-md-ms-ncmp-instagram,"Dr. Heather Hirsch, MD, MS, NCMP",creator-instagram,Instagram,https://www.instagram.com/heatherhirschmd/,@heatherhirschMD,~163K Instagram followers,"US (Boston, MA area; founded menopause clinic at Brigham and Women's Hospital)",,"Internist, accredited menopause specialist, former Harvard Medical School faculty",,contact-form,awareness,"As a clinical menopause specialist producing 'evidence-based' patient education, UraGuard's lab-tested UTI-risk-reduction data gives her a credible new topic for her midlife bladder-health content.",prospecting,P1,websearch-serp,menopause doctor Instagram influencer US OBGYN menopause specialist content creator,Also on TikTok and YouTube @heatherhirschmd. Contact page at heatherhirschmd.com/contact/.,2026-08-01,2026-08-01
dr-mary-claire-haver-md-instagram,"Dr. Mary Claire Haver, MD",creator-instagram,Instagram,https://www.instagram.com/drmaryclaire/,@drmaryclaire,~4M Instagram followers; 2.2M TikTok followers,"Galveston, TX, US",,"Board-certified OB-GYN, certified menopause practitioner, NYT bestselling author ('The New Menopause')",,research-needed,awareness,"Her audience of millions of midlife women is precisely UraGuard's core buyer; even a single mention of the UTI-risk-reduction liner would be high-leverage awareness, though her scale means outreach likely needs to go through her team/brand (Galveston Diet).",prospecting,P2,websearch-serp,menopause doctor Instagram influencer US OBGYN menopause specialist content creator,"Also huge on YouTube. Mega-influencer scale — long outreach cycle, no direct contact found.",2026-08-01,2026-08-01
tamsen-fadal-instagram,Tamsen Fadal,creator-instagram,Instagram,https://www.instagram.com/tamsenfadal/,@tamsenfadal,~2M Instagram followers; 500K+ TikTok followers,"New York, NY, US",,"Journalist, NYT bestselling author of 'How To Menopause,' host of 'The Tamsen Show' podcast",,research-needed,awareness,"As a mainstream menopause-education journalist reaching millions of midlife women, she's a strong fit to introduce UraGuard's UTI-risk-reduction liner as part of her broader 'menopause symptom' coverage.",prospecting,P2,websearch-serp,menopause TikTok influencer US menopause hot flashes creator followers,Also hosts a podcast where she interviews doctors — potential guest/sponsor angle. No direct contact found; needs PR/agency lookup.,2026-08-01,2026-08-01
dr-jen-gunter-md-instagram,"Dr. Jen Gunter, MD",creator-instagram,Instagram,https://www.instagram.com/drjengunter/,Dr. Jen Gunter,"large (bestselling author, syndicated columnist)","California, US",,"OB-GYN, author of 'The Menopause Manifesto' and 'The Vagina Bible', runs 'Menopause Minutes' content series",,research-needed,awareness,"Her 'Menopause Minutes' series specifically tackles genitourinary symptoms of menopause, making UraGuard's UTI-risk data relevant — though she is known for strict evidence scrutiny, so any pitch must lead with the lab-test data.",prospecting,P3,websearch-serp,menopause TikTok influencer US menopause hot flashes creator followers,Known for being skeptical of unproven wellness product claims; approach only with rigorous clinical data.,2026-08-01,2026-08-01
ashley-menopause-nutrition-coach-instagram,Ashley (@menopause.nutrition.coach),creator-instagram,Instagram,https://www.instagram.com/menopause.nutrition.coach/,@menopause.nutrition.coach,unverified (mid-size niche coach),US,,Menopause dietitian and health coach for women over 40,,dm,awareness,Her audience of women over 40 managing menopause symptoms overlaps directly with UraGuard's buyer; a UTI-prevention angle complements her existing energy/health coaching content.,prospecting,P2,websearch-serp,menopause dietitian Instagram influencer US menopause nutrition coach,No public email found; DM or bio-link contact-form likely needed.,2026-08-01,2026-08-01
norma-psillos-instagram,Norma Psillos,creator-instagram,Instagram,https://www.instagram.com/the_menopausenutritionist/,@the_menopausenutritionist,~12K Instagram followers,US,,"Functional medicine nutritionist, accredited menopause educator specializing in female hormones",,dm,awareness,"As a menopause educator focused on hormonal changes, she could frame declining estrogen's link to UTI risk and position UraGuard's liner as a proactive tool for her coaching clients.",prospecting,P2,websearch-serp,menopause dietitian Instagram influencer US menopause nutrition coach,Niche coach; no public contact email found in search results.,2026-08-01,2026-08-01
laura-clark-rd-instagram,"Laura Clark, RD",creator-instagram,Instagram,https://www.instagram.com/menopause.dietitian/,@menopause.dietitian,~11K Instagram followers,US,,"Registered dietitian, 'Menopause Dietitian | Food Therapist'",,dm,awareness,"Her midlife nutrition audience is a strong demographic match for UraGuard, and UTI-risk reduction is an easy adjacent topic to her food-and-body-confidence content.",prospecting,P2,websearch-serp,menopause dietitian Instagram influencer US menopause nutrition coach,No public email found in search results; likely requires DM outreach.,2026-08-01,2026-08-01
charlotte-hunter-instagram,Charlotte Hunter,creator-instagram,Instagram,https://www.instagram.com/menopausenutritionist/,@menopausenutritionist,~29K Instagram followers,US,,Menopause nutritionist offering weight-loss coaching for menopausal women,,dm,awareness,"Her larger menopause-focused following gives UraGuard's UTI-prevention angle reach among women already engaging with midlife health content, though the fit is looser (weight-loss focus, not urinary health).",prospecting,P3,websearch-serp,menopause dietitian Instagram influencer US menopause nutrition coach,US status not fully confirmed from search snippet; verify before outreach.,2026-08-01,2026-08-01
dr-mae-hughes-dpt-instagram,"Dr. Mae Hughes, DPT",creator-instagram,Instagram,https://www.instagram.com/dr.maehughes/,@dr.maehughes,~411K Instagram followers,US,,Pelvic floor physical therapist focused on pregnancy/postpartum core and pelvic floor training,,dm,awareness,"While her focus is postpartum, her large pelvic-floor-literate audience is adjacent to UraGuard's UTI/incontinence use case and could extend the brand into a younger postpartum segment.",prospecting,P2,websearch-serp,postpartum incontinence influencer Instagram pelvic floor therapist US,"Runs the 'Movement Through Motherhood' app; postpartum-skewed rather than menopause, so pitch angle needs postpartum incontinence framing specifically.",2026-08-01,2026-08-01
dr-aditi-singh-instagram,Dr. Aditi Singh,creator-instagram,Instagram,https://www.instagram.com/pelvicfloorcoach/,@pelvicfloorcoach,unverified,US,,Pelvic floor therapist and coach,,dm,awareness,Her pelvic floor coaching content is a natural home for a UTI-risk-reduction product explainer aimed at women with bladder/pelvic floor dysfunction.,prospecting,P3,websearch-serp,postpartum incontinence influencer Instagram pelvic floor therapist US,US location not fully confirmed from search snippet; verify before outreach.,2026-08-01,2026-08-01
dr-arianna-sholes-douglas-md-instagram,"Dr. Arianna Sholes-Douglas, MD",creator-instagram,Instagram,https://www.instagram.com/drariannasholesdouglas/,Dr. Arianna Sholes-Douglas,unverified (author-scale following),"Tucson, AZ, US",,"Integrative healthcare practitioner, perimenopause/menopause expert, author of 'The Menopause Myth'",,research-needed,awareness,"As an integrative-medicine menopause author, UraGuard's proactive, non-hormonal UTI-risk-reduction mechanism fits her 'root-cause' framing of menopause symptom management.",prospecting,P2,websearch-serp,menopause doctor Instagram influencer US OBGYN menopause specialist content creator,Handle inferred from name; verify exact Instagram URL before outreach — not directly confirmed via WebFetch.,2026-08-01,2026-08-01
melani-sanders-tiktok,Melani Sanders,creator-tiktok,TikTok,https://www.tiktok.com/@wedonotcareclub,We Do Not Care Club,4M+ combined followers across TikTok and YouTube,US,,"Founder of 'We Do Not Care Club,' a community for women in perimenopause, menopause and post-menopause",,research-needed,awareness,Her massive menopause-stage community is squarely UraGuard's buyer segment; even light-touch product awareness content could reach a large proactive-health audience.,prospecting,P2,websearch-serp,menopause TikTok influencer US menopause hot flashes creator followers,Handle URL inferred from brand name search result (Wikipedia entry); verify exact TikTok/YouTube handles before outreach.,2026-08-01,2026-08-01
jennifer-davis-md-cmp-rd-youtube,"Jennifer Davis, MD, CMP, RD",creator-youtube,YouTube,https://mlrb.net/menopause-youtube-channels/,Menopause Mastery,unverified,US,,"Physician, Certified Menopause Practitioner and Registered Dietitian producing menopause health content",,research-needed,awareness,Her dual MD/RD credential and menopause specialty make her a credible voice to cover the estrogen-decline-to-UTI-risk mechanism that underlies UraGuard's product claim.,prospecting,P3,websearch-serp,menopause YouTube channel doctor women's health US subscribers,"Source is an aggregator listicle ('Menopause Mastery'), not the creator's own channel directly verified — confirm exact YouTube channel URL before outreach.",2026-08-01,2026-08-01
national-association-for-continence-nafc-bhealth-blog-contri-blog,National Association For Continence (NAFC) - bhealth blog contributors,creator-blog,Blog,https://nafc.org/bhealth-blog/utis-incontinence-and-menopause-more-of-a-connection-than-you-might-realize/,nafc.org/bhealth-blog,large (national nonprofit reach),US,,National nonprofit patient-education organization publishing menopause/UTI/incontinence content,,contact-form,awareness,"NAFC already publishes an article specifically titled 'UTIs, Incontinence and Menopause' — UraGuard's clinical liner is directly on-topic for a resource link, guest content, or partner listing.",prospecting,P0,websearch-serp,perimenopause coach TikTok creator US bladder incontinence UTI,Institutional target (long cycle for partnership) but content match is exact; worth pursuing as a resource-page placement rather than a single creator.,2026-08-01,2026-08-01
dr-alicia-jeffrey-thomas-the-pelvic-dance-floor-instagram,Dr. Alicia Jeffrey-Thomas (The Pelvic Dance Floor),creator-instagram,Instagram/TikTok,https://www.instagram.com/thepelvicdancefloor/,@thepelvicdancefloor (IG) / @scrambledjam (TikTok),1M+ combined IG/TikTok followers,"Boston, MA",Dr. Alicia Jeffrey-Thomas,"Pelvic health PT, PRPC, author of Power to the Pelvis",,contact-form,awareness,Her 2025 book and content specifically address bladder leaks and pelvic floor dysfunction; a liner that cuts bacterial load inside incontinence products is a concrete product recommendation she could demo for her huge leak-focused following.,prospecting,P0,websearch-serp,Alicia Jeffrey-Thomas pelvic floor Instagram TikTok physical therapist,"Contact page exists on thepelvicdancefloor.com; treats patients at Wellest Health, Boston.",2026-08-01,2026-08-01
dr-tracy-sher-pelvic-guru-instagram,Dr. Tracy Sher (Pelvic Guru),creator-instagram,Instagram,https://www.instagram.com/pelvicguru1/,@pelvicguru1,55K IG followers,"Orlando, FL",Dr. Tracy Sher,"Pelvic health PT, DPT, global educator, CEO of Pelvic Global",,research-needed,awareness,"As a global pelvic-health educator who runs a professional directory/community, she's positioned to introduce UraGuard's UTI-risk-reduction liner to a network of pelvic PTs who could recommend it to incontinence patients.",prospecting,P1,websearch-serp,PelvicGuru Instagram pelvic health,Runs Sher Pelvic Health clinic and Pelvic Global education platform.,2026-08-01,2026-08-01
brianne-grogan-dpt-femfusion-fitness-vibrant-pelvic-health-instagram,"Brianne Grogan, DPT (FemFusion Fitness / Vibrant Pelvic Health)",creator-instagram,Instagram/YouTube,https://www.instagram.com/vibrantpelvichealth/,@vibrantpelvichealth,27K IG / 17M+ YouTube views,"Oregon, US",Dr. Brianne Grogan,"DPT, women's health/pelvic floor coach, author of Lady Bits",,contact-form,awareness,"Her YouTube channel is a top pelvic-floor fitness resource with content on leaks and bladder health; a barrier liner reducing bacterial concentration fits her practical, everyday-management content style.",prospecting,P1,websearch-serp,Brianne Grogan pelvic floor Instagram creator,Site briannegrogan.com / femfusionfitness.com likely has contact form.,2026-08-01,2026-08-01
jessica-valant-mspt-instagram,"Jessica Valant, MSPT",creator-instagram,Instagram/YouTube,https://jessicavalant.com/about-me,@jessicavalantpilates,1M+ weekly reach across platforms,"Colorado, US",Jessica Valant,"Licensed PT, Pilates instructor, women's health expert",,contact-form,awareness,"She openly shares her own pelvic floor/prolapse journey to a large weekly audience of women managing leaks, making her a credible voice to introduce a proactive, hygiene-forward incontinence-liner product.",prospecting,P1,websearch-serp,Jessica Valant pelvic floor Instagram,Membership site and app with prolapse-specific programs.,2026-08-01,2026-08-01
isa-herrera-mspt-pelvic-wellness-pelvic-pain-relief-instagram,"Isa Herrera, MSPT (Pelvic Wellness / Pelvic Pain Relief)",creator-instagram,Instagram,https://www.instagram.com/isa_herrera_pelvic_healer/,@isa_herrera_pelvic_healer,22K IG followers,"New York, NY",Isa Herrera,"PT, author, founder of Renew Physical Therapy and Pelvic Wellness Collective",,contact-form,awareness,"Her book and community specifically target incontinence, prolapse, and pelvic dysfunction in women 40+ — a strong match for UraGuard's post-menopausal buyer and a liner-based product she could recommend to her paying community members.",prospecting,P1,websearch-serp,Isa Herrera pelvic floor Instagram Pelvic Wellness,Runs pelvicpainrelief.com and Rootganic.com; NYC-based clinic since 2005.,2026-08-01,2026-08-01
dr-sarah-ellis-duvall-core-exercise-solutions-instagram,Dr. Sarah Ellis Duvall (Core Exercise Solutions),creator-instagram,Instagram,https://www.instagram.com/core_exercise_solutions/,@core_exercise_solutions / @drsarahduvall,197K IG followers,US,Dr. Sarah Ellis Duvall,"DPT, CPT, women's health specialist",,contact-form,awareness,Her audience is women rebuilding pelvic floor strength post-pregnancy/postpartum who deal with stress incontinence during training — UraGuard's liner offers a practical hygiene layer she could pair with her strength-based recovery content.,prospecting,P1,websearch-serp,Dr. Sarah Duvall Instagram pelvic floor core exercise specialist,coreexercisesolutions.com has webinars/courses; contact form likely on site.,2026-08-01,2026-08-01
julie-wiebe-pt-dpt-instagram,"Julie Wiebe, PT, DPT",creator-instagram,Instagram,https://www.juliewiebept.com/,@juliewiebept,unknown,US,Julie Wiebe,"PT, sports medicine and pelvic health clinician/educator/researcher",,contact-form,awareness,"She bridges sports medicine and pelvic health for athletic women who experience exercise-induced leaks — a discreet, hygiene-focused liner fits her audience of active women managing stress incontinence during training.",prospecting,P2,websearch-serp,Julie Wiebe PT Instagram pelvic floor,"29 years clinical experience; blog, courses, social content.",2026-08-01,2026-08-01
dr-talisa-taylored4you-healwell-instagram,Dr. TaLisa (Taylored4You Healwell),creator-instagram,Instagram,https://www.instagram.com/taylored4you_healwell/,@taylored4you_healwell,unknown,"Virginia, US",Dr. TaLisa,"Pelvic floor PT, PCES",,dm,awareness,She offers virtual pelvic-floor PT covering incontinence and prolapse directly to patients — a natural referral partner to recommend UraGuard's liner as an at-home adjunct between sessions.,prospecting,P2,websearch-serp,pelvic floor physical therapist Instagram incontinence content creator,"Virtual practice model; smaller account, good topical fit.",2026-08-01,2026-08-01
flora-physical-therapy-instagram,Flora Physical Therapy,creator-instagram,Instagram,https://www.instagram.com/floraphysicaltherapy/,@floraphysicaltherapy,unknown,"Fairfield, CT",,Pelvic health PT clinic,,dm,awareness,Clinic-based content covers incontinence directly to a local New England patient base — good candidate for a product sample/partner mention to patients managing bladder leaks.,prospecting,P2,websearch-serp,pelvic floor physical therapist Instagram incontinence content creator,Small clinic account; local audience.,2026-08-01,2026-08-01
hudson-valley-pelvic-physical-therapy-instagram,Hudson Valley Pelvic Physical Therapy,creator-instagram,Instagram,https://www.instagram.com/hudsonvalleypelvicpt/,@hudsonvalleypelvicpt,unknown,"Westchester County, NY",,Pelvic health PT clinic,,dm,awareness,Clinic treats bladder leakage directly and posts patient education content — a plausible partner for in-clinic product sampling or an educational collab post about UTI-risk reduction.,prospecting,P2,websearch-serp,pelvic floor physical therapist Instagram incontinence content creator,Small clinic account.,2026-08-01,2026-08-01
dr-katie-milano-tiktok,Dr. Katie Milano,creator-tiktok,TikTok,https://www.tiktok.com/@drkatiemilano/video/7241977411724758314,@drkatiemilano,unknown,US (unverified),,"Pelvic floor PT, TikTok creator",,dm,awareness,Her content is literally titled 'real treatments for bladder leaking' — a direct match to pitch a barrier liner as a practical daily-management tool alongside her exercise-based content.,prospecting,P2,websearch-serp,pelvic floor PT TikTok bladder leaks creator,Location not explicitly confirmed US in search snippet; verify before outreach.,2026-08-01,2026-08-01
lance-frank-dpt-mph-tiktok,"Lance Frank, DPT, MPH",creator-tiktok,TikTok/Instagram,https://www.tiktok.com/@lance_in_your_pants/video/7024263876136963333,@lance_in_your_pants,unknown,US (unverified),,Pelvic floor PT,,dm,awareness,Covers pelvic floor dysfunction broadly including incontinence for a mixed-gender audience; could extend UraGuard's reach to caregiver/male audience segments not typically covered by female-focused creators.,prospecting,P2,websearch-serp,pelvic floor PT TikTok bladder leaks creator,Male PT creator — could help reach caregiver/adjacent audiences.,2026-08-01,2026-08-01
lauren-ohayon-restore-your-core-youtube,Lauren Ohayon (Restore Your Core),creator-youtube,YouTube,https://restoreyourcore.com/resource-library/the-best-pelvic-floor-exercises-on-youtube-explore-restore-your-core-by-lauren-ohayon/,Restore Your Core,unknown,US,Lauren Ohayon,"Founder, Restore Your Core; pelvic floor/prolapse exercise programs",,contact-form,awareness,"Her RYC program library is specifically built for people managing prolapse, diastasis recti and incontinence — a strong fit to introduce a liner product as a complementary hygiene tool for her prolapse/incontinence audience.",prospecting,P1,websearch-serp,pelvic floor therapist YouTube channel incontinence prolapse education,restoreyourcore.com likely has a contact/partnerships page.,2026-08-01,2026-08-01
national-association-for-continence-nafc-bladder-health-blog-blog,National Association For Continence (NAFC) Bladder Health Blog,creator-blog,Blog,https://nafc.org/bhealth-blog/,nafc.org/bhealth-blog,unknown (national reach),US (national nonprofit),,"Nonprofit bladder/bowel health education org, blog features MD/PT contributors (e.g., Dr. Barbara Frank, Dr. Sara Reardon)",,contact-form,awareness,NAFC's entire mission is continence education and they have a formal partner program — UraGuard's clinically-tested antibacterial liner is directly on-topic for a sponsored article or trusted-partner listing to their national audience of incontinence sufferers.,prospecting,P0,websearch-serp,National Association For Continence blog contributor bladder health writer,Has a 'How To Work With Us' partnerships page at nafc.org/how-we-work-with-partners/ and nafc.org/trusted-partners/ — open door for brand partnerships.,2026-08-01,2026-08-01
origin-the-origin-way-instagram,Origin (The Origin Way),creator-instagram,Instagram,https://www.instagram.com/theoriginway/?hl=en,@theoriginway,unknown,"Los Angeles, CA (7-state footprint + nationwide virtual)",,"Pelvic floor & whole-body PT company (multi-state clinics + virtual, LA-based HQ)",,contact-form,awareness,"As a nationwide PT company focused on pregnancy, postpartum, and menopause pelvic health, Origin could recommend UraGuard's liner across its multi-state patient base as an in-clinic or content partnership.",prospecting,P1,websearch-serp,Origin physical therapy pelvic floor Instagram,Larger org with national footprint; theoriginway.com likely has partnerships contact.,2026-08-01,2026-08-01
rena-malik-md-youtube,"Rena Malik, MD",creator-youtube,YouTube,https://www.youtube.com/channel/UCV66hp0qxx2Xq273N0bo7uQ,@RenaMalikMD,3M+ YouTube subscribers,"Baltimore, MD",,"Urologist, Director of Female Pelvic Medicine & Reconstructive Surgery, University of Maryland",,contact-form,awareness,"World's most-followed urologist (3M+ subscribers) who regularly covers leaky bladder, pelvic floor, and recurrent UTIs — UraGuard's 96% bacterial-reduction liner is a natural proactive-prevention segment for her audience of women managing incontinence.",prospecting,P0,youtube-search,urologist YouTube channel UTI bladder health education,"Also has active TikTok/Instagram presence; runs a research interest in social-media medical misinformation, which could make an evidence-based liner pitch land well.",2026-08-01,2026-08-01
ashley-winter-md-instagram,"Ashley Winter, MD",creator-instagram,Instagram,https://www.instagram.com/ashleygwinter/,@ashleygwinter,"~38K Instagram, TikTok presence","Pasadena, CA",,"Urologist, Sexual Medicine Physician, CMO of Odela Health",,dm,awareness,"Board-certified urologist, certified menopause practitioner, and CMO of a women's health company who actively dispels urology misconceptions online — well positioned to explain the UTI-risk mechanism behind a barrier liner to a menopause-aware audience.",prospecting,P1,youtube-search,Dr. Ashley Winter urologist Instagram TikTok,Also active on TikTok @ashleygwinter and X @AshleyGWinter.,2026-08-01,2026-08-01
betsy-greenleaf-do-instagram,"Betsy Greenleaf, DO",creator-instagram,Instagram,https://drbetsygreenleaf.com/about-us/,@drbetsygreenleaf_,Podcast + Instagram + Pelvic Floor Store audience,"Eatontown, NJ",,"Urogynecologist; founder, Pelvic Floor Store; host, 'The Happy Vagina' podcast",,contact-form,awareness,"First female urogynecologist board-certified in the US and founder/CEO of the Pelvic Floor Store, an e-commerce site for pelvic-wellness products — an open door for stocking or featuring UraGuard's liner as a retail partner, not just a media mention.",prospecting,P0,youtube-search,Dr. Betsy Greenleaf urogynecologist pelvic floor Instagram,"Runs an actual product storefront (pelvicfloorstore.com) — best-fit for a partnership/stocking pitch, not just content.",2026-08-01,2026-08-01
rachel-rubin-md-youtube,"Rachel Rubin, MD",creator-youtube,YouTube,https://www.youtube.com/c/DrRachelRubin,Dr. Rachel Rubin,"Large multi-platform following (YouTube, IG, X)","Washington, DC / Los Angeles, CA",,"Urologist, Sexual Medicine; Assistant Clinical Professor of Urology, Georgetown University",,contact-form,awareness,Urologist and sexual-medicine specialist whose Georgetown-affiliated practice explicitly treats urinary/vaginal infection prevention and incontinence in menopausal women — squarely in UraGuard's core buyer overlap of UTI risk + incontinence + menopause.,prospecting,P1,youtube-search,Dr. Rachel Rubin urologist Instagram menopause,Practice site: rachelrubinmd.com; helped change FDA labeling on hormone therapy — high-authority voice.,2026-08-01,2026-08-01
sameena-rahman-md-gyno-girl-instagram,"Sameena Rahman, MD (Gyno Girl)",creator-instagram,Instagram,https://www.instagram.com/gynogirl/,@gynogirl,~27K Instagram followers,"Chicago, IL",,"OB-GYN, sex-med gynecologist, menopause specialist; Clinical Assistant Professor, Northwestern Feinberg",,dm,awareness,OB-GYN and sexual-medicine specialist whose Instagram content explicitly covers UTIs and pelvic floor issues alongside hormone/menopause topics — a direct content match for a UTI-risk-reduction liner story.,prospecting,P1,youtube-search,Dr. Sameena Rahman gynecologist Instagram pelvic health UTI,"Hosts podcast 'Gyno Girl Presents: Sex, Drugs & Hormones'; book on South Asian women's sexual health forthcoming.",2026-08-01,2026-08-01
jessica-shepherd-md-instagram,"Jessica Shepherd, MD",creator-instagram,Instagram,https://www.instagram.com/jessicashepherdmd/,@jessicashepherdmd,175K Instagram followers,US,,"OB-GYN; CMO at Hers; founder, Modern Meno; author of 'Generation M'",,dm,awareness,"OB-GYN and menopause/longevity expert with a mainstream media platform (GMA, Today Show) and 175K IG followers — reaches exactly the post-menopausal women's-health audience UraGuard targets, even though bladder/UTI isn't yet her core beat.",prospecting,P2,youtube-search,Dr. Jessica Shepherd OBGYN Instagram menopause bladder,No confirmed bladder/UTI-specific content seen yet in search results — pitch would need to introduce the topic.,2026-08-01,2026-08-01
angelish-kumar-md-youtube,"Angelish Kumar, MD",creator-youtube,YouTube,https://liveutifree.com/urologist-nyc/,Live UTI Free / Women's Urology New York,Featured guest on Live UTI Free YouTube series,"New York, NY",,"Board-certified urologist, certified menopause practitioner; founder, Women's Urology New York",,contact-form,awareness,"Founder of Women's Urology New York, a practice built specifically around recurrent UTIs and menopausal bladder health, already featured on the Live UTI Free education platform — a perfect topical and clinical match for UraGuard's core lab-tested claim.",prospecting,P0,youtube-search,liveutifree.com Dr. Kumar recurrent UTI urologist NYC,Contact via womensurologynewyork.com or via Live UTI Free (liveutifree.com/contact/).,2026-08-01,2026-08-01
rahul-mehan-md-instagram,"Rahul Mehan, MD",creator-instagram,Instagram,https://evucenter.com/rahul-mehan-arizona/,@doctor.mehan,50M+ views/year across Instagram and TikTok,"Mesa, AZ",,"Founder/CEO, East Valley Urology Center of Arizona",,dm,awareness,"Founder of East Valley Urology Center's women's urology program (recurrent UTIs, incontinence, pelvic floor) with 50M+ views/year on social — large-reach urologist actively educating on the exact conditions UraGuard's liner addresses.",prospecting,P1,youtube-search,Dr. Rahul Mehan urologist Mesa Arizona Instagram women's urology,"Content also covers hormone optimization/longevity — broader men's-health mix, so incontinence/UTI content is only part of his feed.",2026-08-01,2026-08-01
sarah-boyles-md-mph-the-women-s-bladder-doctor-instagram,"Sarah Boyles, MD, MPH (The Women's Bladder Doctor)",creator-instagram,Instagram,https://thewomensbladderdoctor.com/,@thewomensbladderdoctor,"~3,800+ Instagram followers, active blog/podcast","Portland, OR",,"Urogynecologist, Northwest Gynecology Center",,contact-form,awareness,"Board-certified urogynecologist whose entire public brand is 'The Women's Bladder Doctor,' with a self-diagnosis incontinence quiz and newsletter covering 'products you can try at home' — an explicit open door for a product-education partnership.",prospecting,P0,youtube-search,Dr. Sarah Boyles urogynecologist Instagram social media,Also has a YouTube channel (UC8u-y2cAHmB3cvLikGMrCaQ); contact form at thewomensbladderdoctor.com/contact/; newsletter explicitly mentions featuring products.,2026-08-01,2026-08-01
staci-tanouye-md-instagram,"Staci Tanouye, MD",creator-instagram,Instagram,https://www.instagram.com/dr.staci.t/,@dr.staci.t,94K Instagram followers,"Jacksonville Beach, FL",,Board-certified OB-GYN,,dm,awareness,"OB-GYN with 94K+ Instagram followers built on destigmatizing women's health topics and debunking myths — a high-reach general women's-health MD who could introduce UraGuard's UTI-prevention angle to a broad audience, even without prior urogyn-specific content.",prospecting,P2,youtube-search,Dr. Staci Tanouye urogynecologist Instagram pelvic floor,"General women's health content (myth-debunking, GYN visits, sexual health) rather than urogyn-specific — not yet confirmed to have covered UTIs/incontinence directly.",2026-08-01,2026-08-01
charelle-carter-brooks-md-msc-instagram,"Charelle Carter-Brooks, MD, MSc",creator-instagram,Instagram,https://www.instagram.com/charelle_md/,@charelle_md,Active Instagram educator/researcher,"Washington, DC",,"Urogynecologist; Assistant Professor of OB-GYN, GW School of Medicine & Health Sciences",,dm,awareness,"Urogynecologist and Assistant Professor whose Instagram bio and hashtags explicitly center on #incontinence, #pelvicfloordisorders, and #oab — direct topical overlap with UraGuard's liner use case.",prospecting,P0,youtube-search,Dr. Kim Fam urogynecologist OR Dr. Charelle Carter-Brooks Instagram bladder,Fellowship-trained at Magee-Womens Hospital/UPMC; positions herself as 'Educator | Researcher' which suggests openness to evidence-based product content.,2026-08-01,2026-08-01
shailen-sehgal-md-urocoach-youtube,"Shailen Sehgal, MD (UroCoach)",creator-youtube,YouTube,https://www.youtube.com/channel/UCemKNZ7qd5BgoBnZzryx9ig,UroCoach,Dedicated urology patient-education channel (realurology.com),"Pittsburgh, PA",,"Urologist; CMO, UroCoach; practices in Western PA/WV",,contact-form,awareness,"Chief Medical Officer of UroCoach, a free public library of urologist-made patient-education videos — a channel purpose-built for exactly the kind of proactive UTI-prevention explainer UraGuard could sponsor or contribute to.",prospecting,P1,youtube-search,UroCoach urologist YouTube channel host name recurrent UTI,"Co-run with Dr. Hepps; site realurology.com organizes videos by condition, including UTIs and incontinence.",2026-08-01,2026-08-01
brooke-faught-dnp-whnp-bc-ncmp-instagram,"Brooke Faught, DNP, WHNP-BC, NCMP",creator-instagram,Instagram,https://www.urologynashville.com/providers/brooke-faught-dnp-whnp-bc-ncmp-faanp-if/,Women's Institute for Sexual Health (WISH),Featured guest on NPWH (@npwh_official) Instagram; ISSWSH leadership,"Nashville, TN",,"Women's Health Nurse Practitioner; Director, Women's Institute for Sexual Health, Urology Associates PC",,research-needed,awareness,Women's health nurse practitioner and Director of WISH (a division of Urology Associates) specializing in female sexual and pelvic floor medicine — an NP thought-leader in the ISSWSH community who reaches both patients and prescribing clinicians.,prospecting,P2,youtube-search,Brooke Faught DNP WHNP Instagram Women's Institute for Sexual Health,No confirmed personal Instagram handle found in search — best first contact is via WISH/Urology Associates practice site.,2026-08-01,2026-08-01
susan-rinkus-farrell-aprn-gnp-bc-healthy-bladder-solutions-instagram,"Susan Rinkus Farrell, APRN, GNP-BC (Healthy Bladder Solutions)",creator-instagram,Instagram,https://www.instagram.com/menopause_health_solutions/,@menopause_health_solutions,Instagram + health-coaching client base,"Austin, TX",,"APRN, GNP-BC, CHC; founder, Healthy Bladder Solutions for Women",,dm,awareness,"Nurse practitioner continence specialist whose entire practice, Healthy Bladder Solutions, is devoted to perimenopausal/menopausal bladder control — as direct a topical and buyer-demographic match as exists for UraGuard's liner.",prospecting,P0,youtube-search,Susan Rinkus Farrell Healthy Bladder Solutions nurse practitioner Instagram,Practice site healthybladdersolutions.com has a contact form; also on Facebook as SusanRinkushealthybladdersolutions.,2026-08-01,2026-08-01
julie-mcfadden-rn-bsn-hospice-nurse-julie-instagram,"Julie McFadden, RN, BSN (Hospice Nurse Julie)",creator-instagram,Instagram,https://www.instagram.com/hospicenursejulie/,@hospicenursejulie,3M+ collective followers (IG/TikTok/FB/YouTube),US,,"Hospice RN, BSN; NYT bestselling author",,dm,awareness,"Hospice nurse with 3M+ combined social following whose caregiver-facing content already intersects elderly incontinence care — a high-reach caregiver-audience channel adjacent to UraGuard's caregiver segment, even though her core focus is end-of-life care rather than UTI/bladder health specifically.",prospecting,P3,youtube-search,hospicenursejulie incontinence caregiver content creator Instagram,Not an MD/NP per the target segment definition and not UTI/bladder-focused — flagged as adjacent/caregiver reach rather than a core clinical fit; deprioritized accordingly.,2026-08-01,2026-08-01
dailycaring-blog,DailyCaring,creator-blog,Web,https://dailycaring.com,,unknown,"San Mateo, CA",Connie Chow (Founder),,hello@dailycaring.com,email,awareness,DailyCaring publishes practical everyday senior-care tips for family caregivers and has a Contact Us page inviting pitches; a piece on reducing UTI risk with an in-brief barrier liner fits their toileting/incontinence coverage directly.,prospecting,P0,websearch-serp,"""dailycaring.com"" contact email pitch",Contact page confirmed at dailycaring.com/contact-us-dailycaring/; general email hello@dailycaring.com found via search.,2026-08-01,2026-08-01
caregiver-warrior-blog,Caregiver Warrior,creator-blog,Web,https://www.caregiverwarrior.com,@caregiverwarrior,unknown,US,Susanne White,,susanne@caregiverwarrior.com,email,awareness,Susanne White coaches family caregivers on caregiving education/advocacy and explicitly invites outreach via her contact page; UraGuard's UTI-risk-reduction liner is a natural resource to spotlight for her audience managing incontinence care for aging parents.,prospecting,P0,websearch-serp,"""caregiverwarrior.com"" about contact",Contact page at caregiverwarrior.com/contact; site states they seek caregiving education/advocacy partnerships.,2026-08-01,2026-08-01
pamela-d-wilson-caregiving-expert-blog,Pamela D. Wilson - Caregiving Expert,creator-blog,Web,https://pameladwilson.com/caring-for-aging-parents-blog/,,unknown,"Golden, CO",Pamela D. Wilson,,,contact-form,awareness,Pamela D. Wilson is a national caregiving expert/speaker with a dedicated 'Caring for Aging Parents' blog since 1999; UraGuard's clinically-tested UTI-risk angle aligns with her expert-authority content for family caregivers making product decisions.,prospecting,P1,websearch-serp,pameladwilson.com contact email caregiving speaker,Contact form at pameladwilson.com/contact/; no public email surfaced.,2026-08-01,2026-08-01
the-caregiver-s-voice-blog,The Caregiver's Voice,creator-blog,Web,https://thecaregiversvoice.com/blog/,@CaregiversVoice,unknown,US,Brenda Avadian,,,contact-form,awareness,"Founded in 1998 by Brenda Avadian and focused on dementia/Alzheimer's caregiving with an active self-care and product-review lens, making it a fit for introducing a barrier-liner product angle for incontinence care of loved ones with dementia.",prospecting,P1,websearch-serp,best dementia caregiver blogs 2026,"Contact form at thecaregiversvoice.com/about-us/contact-us/; social handles found: FB CAREatTCV, Twitter @CaregiversVoice, YouTube BrendaAvadian.",2026-08-01,2026-08-01
willgather-nicole-will-instagram,willGather (Nicole Will),creator-instagram,Instagram,https://www.instagram.com/willgather/,@willgather,unknown,US,Nicole Will,,,dm,awareness,"Nicole Will is a gerontology-trained thought leader covering AgeTech, caregiving, and senior living products (willGather podcast + Gigi Betty Co. caregiver gift shop), a strong fit to introduce UraGuard as a caregiving-product resource for her aging-services audience.",prospecting,P1,websearch-serp,"""willgather.com"" OR ""@willgather"" Nicole Will caregiver app","Also runs willgather.com and willGather Podcast; runs Gigi Betty Co. gift shop for caregivers, suggesting openness to product partnerships.",2026-08-01,2026-08-01
dementia-darling-carrie-aalberts-instagram,Dementia Darling (Carrie Aalberts),creator-instagram,Instagram,https://www.instagram.com/dementiadarling/,@dementiadarling,45K Instagram followers,US,Carrie Aalberts,,,dm,awareness,"Certified Dementia Practitioner with 45K Instagram followers built around practical caregiver tips and support for dementia caregivers; incontinence management is a common pain point for her audience caring for loved ones with dementia, making UraGuard's liner directly relevant.",prospecting,P1,websearch-serp,"""dementia darling"" Carrie Aalberts instagram","Also has website dementiadarling.com and podcast ""Gather Darlings"".",2026-08-01,2026-08-01
be-light-care-adria-thompson-instagram,Be Light Care (Adria Thompson),creator-instagram,Instagram,https://www.instagram.com/belightcare/,@belightcare,272K Instagram followers,US,"Adria Thompson, CCC-SLP",,,dm,awareness,"Speech-language pathologist and dementia educator with 272K Instagram followers creating daily practical tips for dementia care partners; toileting/incontinence is a frequently requested topic for her audience, making UraGuard a relevant product to feature.",prospecting,P1,websearch-serp,"""Be Light Care"" Adria Thompson dementia instagram youtube contact",Also active on YouTube (Be Light Care Consulting channel) and runs belightcare.com with a Dementia Care App.,2026-08-01,2026-08-01
momofmymom-jacquelyn-revere-instagram,MomOfMyMom (Jacquelyn Revere),creator-instagram,Instagram,https://www.tiktok.com/discover/jacquelyn-revere-caregiver,@MomOfMyMom,600K+ followers (TikTok),US,Jacquelyn Revere,,,dm,awareness,Documents her personal journey caring for her mother with Alzheimer's (600K+ TikTok/Instagram followers) with raw daily-care content; a candid product review of an antibacterial barrier liner would resonate with her authenticity-driven caregiving audience.,prospecting,P1,websearch-serp,Jacquelyn Revere Alzheimer's caregiver instagram tiktok handle,"Also covered by AARP profile; active on YouTube, TikTok, Facebook, and Instagram under @MomOfMyMom.",2026-08-01,2026-08-01
alzheimer-s-speaks-lori-la-bey-youtube,Alzheimer's Speaks (Lori La Bey),creator-youtube,YouTube,https://alzheimersspeaks.com/dementia-influencers/,@alzheimersspeaks,unknown,"Minnesota, US",Lori La Bey,,,contact-form,awareness,"Founder of Minnesota-based Alzheimer's Speaks advocacy/media outlet, convening dementia influencers globally; a natural hub to introduce UraGuard for feature/interview coverage aimed at dementia caregivers managing incontinence.",prospecting,P1,websearch-serp,"caregiver influencer Instagram ""aging parents"" OR ""caregiver"" senior care content creator",Runs media outlet convening multiple dementia influencers; good hub-type prospect.,2026-08-01,2026-08-01
teepa-snow-positive-approach-to-care-youtube,Teepa Snow / Positive Approach to Care,creator-youtube,YouTube,https://teepasnow.com/,@teepasnowvideos,unknown,US,Teepa Snow,,,contact-form,awareness,"Teepa Snow is a leading dementia-care education specialist (occupational therapist, ~40 years experience) whose PAC Team produces widely-viewed training videos including toileting/incontinence care techniques for dementia caregivers, a strong topical match for UraGuard.",prospecting,P1,websearch-serp,Teepa Snow YouTube dementia caregiver training contact,Contact via teepasnow.com Contact Us button; large training video library on YouTube.,2026-08-01,2026-08-01
all-home-care-matters-lance-a-slatton-youtube,All Home Care Matters (Lance A. Slatton),creator-youtube,YouTube,https://lanceaslatton.com/,@allhomecarematters,unknown,US,Lance A. Slatton,,,contact-form,awareness,Runs Enriched Life Home Care Services and the 'All Home Care Matters' YouTube channel/podcast covering senior case management for family caregivers; a fit for introducing UraGuard as a practical incontinence-care product recommendation for his audience's aging-parent care decisions.,prospecting,P1,websearch-serp,"caregiver influencer Instagram ""aging parents"" OR ""caregiver"" senior care content creator","Also branded as ""The Senior Care Influencer""; active on X @Lanceaslatton.",2026-08-01,2026-08-01
dementia-by-day-blog,Dementia By Day,creator-blog,Web,https://dementiabyday.com,,unknown,US,,,,research-needed,awareness,Written by a gerontologist with Memory Care expertise offering practical advice for families transitioning a loved one to a higher level of care; incontinence management is a common transition-trigger topic that UraGuard's liner directly addresses.,prospecting,P2,websearch-serp,"caregiver blogger caring for aging parents dementia site ""contact""",Contact info not yet verified; needs direct site visit.,2026-08-01,2026-08-01
the-caregiver-space-blog,The Caregiver Space,creator-blog,Web,https://thecaregiverspace.org,,unknown,US,,,,contact-form,awareness,Peer-support nonprofit blog created by caregivers for caregivers covering the daily realities of caring for aging/ill loved ones; a fit for a resource article introducing UraGuard's proactive UTI-risk-reduction liner for readers managing incontinence care.,prospecting,P2,websearch-serp,90 Best Senior Care Blogs to Follow 2026 / grayingwithgrace.com caregiving-blogs list,Listed in both Feedspot and Graying with Grace roundups as an established caregiver peer-support resource.,2026-08-01,2026-08-01
caring-across-generations-ai-jen-poo-instagram,Caring Across Generations (Ai-jen Poo),creator-instagram,Instagram,https://caringacross.org,@aijenp,unknown,US,Ai-jen Poo,,,dm,awareness,"National caregiver advocacy leader whose platform reaches family caregivers on systemic care issues; positioning UraGuard within a broader 'dignity in caregiving' advocacy narrative could land with her audience, though the angle is more policy than product.",prospecting,P3,websearch-serp,Top 10 Senior Care Influencers in America (goinstacare.com),Advocacy-focused rather than product-review focused; longer outreach cycle expected.,2026-08-01,2026-08-01
raquel-raqi-flores-instagram,"Raquel ""Raqi"" Flores",creator-instagram,Instagram,https://www.instagram.com/raqiflo/,@raqiflo,unknown,US,Raquel Flores,,,dm,awareness,Content creator focused on healthcare navigation and advocacy for families managing medical systems for aging loved ones; incontinence/UTI product education fits her practical healthcare-navigation content niche.,prospecting,P2,websearch-serp,Top 10 Senior Care Influencers in America (goinstacare.com),Also active on LinkedIn; handle not independently verified beyond the goinstacare roundup.,2026-08-01,2026-08-01
cindy-and-christina-hardin-weiss-caregiving-com-instagram,Cindy and Christina Hardin-Weiss (Caregiving.com),creator-instagram,Instagram,https://www.instagram.com/feral_phoenix432/,@feral_phoenix432,unknown,US,Cindy and Christina Hardin-Weiss,,,dm,awareness,Mother-daughter caregiving duo sharing resources and emotional support content via Caregiving.com's platform; a fit for a personal-story-driven product spotlight on incontinence-care dignity for aging parents.,prospecting,P2,websearch-serp,Top 10 Senior Care Influencers in America (goinstacare.com),"Linked to Caregiving.com community; handle sourced from goinstacare roundup, not independently re-verified on Instagram.",2026-08-01,2026-08-01
steve-weiss-instagram,Steve Weiss,creator-instagram,Instagram,https://www.instagram.com/stevehurricanew/,@stevehurricanew,unknown,US,Steve Weiss,,,dm,awareness,Caregiver coach and home-care business strategist reaching professional and family caregivers; positioning UraGuard as a client-recommendable product for home-care agencies fits his B2B2C caregiver-coaching content.,prospecting,P3,websearch-serp,Top 10 Senior Care Influencers in America (goinstacare.com),"More business/coaching-focused than personal caregiving content; colder fit, longer cycle.",2026-08-01,2026-08-01
homewatch-caregivers-caregiver-blogs-we-love-resource-hub-blog,Homewatch CareGivers - Caregiver Blogs We Love (resource hub),creator-blog,Web,https://www.homewatchcaregivers.com/resources/caregiver-blogs-we-love/,,unknown,US (national franchise),,,,contact-form,awareness,"National home-care franchise's curated caregiver-blog resource hub; getting UraGuard mentioned or reviewed here could create a referral pathway to the many family caregivers Homewatch serves, though as a corporate entity the outreach cycle is longer.",prospecting,P3,websearch-serp,"senior care blogger ""write for us"" OR ""media kit"" caregiving aging parents",Large institution; treat as long-cycle partnership prospect rather than individual creator.,2026-08-01,2026-08-01
pree-bumble-pree-instagram,"Pree (""Bumble Pree"")",creator-instagram,Instagram / YouTube,https://www.instagram.com/bumblepree/,"@bumblepree (IG), @BumblePree (YouTube)",unknown (not disclosed in search results),US,,Creator / MS & incontinence advocate,,dm,awareness,"She's the self-described ""world's first adult diaper influencer,"" diagnosed with MS at 19 and openly reviewing/try-on-ing incontinence products to destigmatize them — a barrier liner with a 96% bacterial-reduction claim is exactly the kind of proactive-health product angle her try-on/review format is built for.",prospecting,P0,websearch-serp,"web search: ""incontinence"" influencer partnership blog review adult diapers","Verified via Vice article (""Meet the World's First Adult Diaper Influencer"") and dnyuz.com syndication. Started YouTube 2018, expanded into incontinence/diaper advocacy content after MS diagnosis. Has existing 6-month brand contract history (with a diaper company), so open to paid partnerships.",2026-08-01,2026-08-01
the-diaper-dynamo-marc-blog,The Diaper Dynamo (Marc),creator-blog,Website / YouTube / TikTok,https://www.thediaperdynamo.com/,@DiaperDynamo-adjacent (site: thediaperdynamo.com),unknown,"US (site references ""6.6M adults in the U.S."" as core audience framing; not explicitly confirmed)",,Creator / incontinence lifestyle advocate,,contact-form,awareness,"Runs a content library specifically framed around living confidently with incontinence (dating, travel, confidence talks) and already participates in NorthShore and LLMedico affiliate programs — proof he's open to incontinence-brand partnerships and would be a natural voice for a liner that reduces bacteria/UTI risk, a topic his ""living fully"" content angle hasn't covered yet.",prospecting,P0,websearch-serp,"web search: ""incontinence"" YouTube reviewer adult diaper unboxing channel","Site has a ""Contact Dynamo"" link and existing affiliate disclosures (Amazon Associates, NorthShore, LLMedico) confirming an open partnership door. Did not verify a last name with confidence — avoided using an unverified surname.",2026-08-01,2026-08-01
caroline-craven-blog,Caroline Craven,creator-blog,Blog / Twitter / YouTube,https://www.girlwithms.com/,@thegirlwithms,unknown,US,Caroline Craven,"MS advocate, blogger, motivational speaker",,contact-form,awareness,"Certified MS patient-expert blogger who has directly written about diapers/incontinence as an MS symptom (""Diapers. Really? Snaughling and Incontinence for adults""); UraGuard's barrier-liner-inside-any-product format fits her audience of MS patients managing bladder issues alongside mobility challenges.",prospecting,P1,websearch-serp,"web search: ""multiple sclerosis"" OR ""spinal cord injury"" incontinence blogger instagram diaper","Site has dedicated Contact Me and About Me pages (http://www.girlwithms.com/p/contact-me.html). Most of her visible content is general MS lifestyle; incontinence coverage is a specific post, not her main beat — flag before pitching as ""incontinence-first.""",2026-08-01,2026-08-01
caroline-packard-dpt-instagram,"Caroline Packard, DPT",creator-instagram,Instagram,https://www.instagram.com/carolinepackarddpt/,@carolinepackarddpt,453K followers,unknown (not stated in profile; likely US given DPT US licensure convention),Caroline Packard,Pelvic floor physical therapist / content creator,,dm,awareness,"Built a 453K-follower platform specifically on urinary leakage, prolapse, and pelvic floor dysfunction education and founded her own pelvic-health app — a credible clinical voice to introduce a UTI-risk-reduction liner to an audience already primed on bladder-leak topics.",prospecting,P1,websearch-serp,web search: pelvic floor physical therapist instagram bladder leaks content creator,Verified follower count and bio via profile fetch. Large-account clinical influencer — likely requires formal partnership/agency outreach rather than casual DM; confirm US location before P0 upgrade.,2026-08-01,2026-08-01
somer-agnor-instagram,Somer Agnor,creator-instagram,Instagram / Blog,https://www.instagram.com/someragnor/,@someragnor,30K followers (@someragnor); 53K on secondary account @studiosomer,US,Somer Agnor,Postpartum content creator,,dm,awareness,"Publishes postpartum content and blog articles specifically answering new moms' questions on pelvic floor, abdominal separation, and prolapse — a direct fit for UraGuard's postpartum bladder-leak angle since her audience is actively searching for bladder-control solutions after birth.",prospecting,P1,websearch-serp,"web search: postpartum pelvic floor influencer instagram ""diastasis"" bladder leaks mom blogger","Two active IG accounts found; blog content referenced in ""7 Mom Influencers to Follow If You're in the Thick of Postpartum"" (themotherchapter.com).",2026-08-01,2026-08-01
olivia-robbin-blog,Olivia Robbin,creator-blog,YouTube / NewLifeOutlook contributor,https://www.youtube.com/@OliviaRobbin,@OliviaRobbin,unknown,"unknown (not confirmed in search results, but content platform NewLifeOutlook OAB is a US health publisher)",Olivia Robbin,"OAB / nocturnal enuresis advocate, YouTube creator",,research-needed,awareness,"Publicly shares her lifelong struggle with overactive bladder and adult bedwetting specifically to break stigma — a proactive, science-backed liner product gives her an actionable, positive product story to pair with her advocacy content.",prospecting,P2,websearch-serp,"web search: overactive bladder TikTok creator personal story ""OAB""",Also a contributor at oab.newlifeoutlook.com. No YouTube platform in the required segment enum — categorized as creator-blog since she also contributes written personal-story content. Confirm US residency before escalating priority.,2026-08-01,2026-08-01
jordan-sara-kurtzman-blog,Jordan Sara Kurtzman,creator-blog,Substack,https://jordansarakurtzman.substack.com/,jordansarakurtzman,unknown,"Los Angeles, CA, US",Jordan Sara Kurtzman,"Writer / comedian, chronic illness essayist",,research-needed,awareness,Writes personal essays about interstitial cystitis and the physical/emotional toll of an invisible bladder-related chronic illness (published on Open Secrets Magazine and her own Substack) — a natural home for a first-person UraGuard try-it essay aimed at the UTI-risk-reduction angle.,prospecting,P2,websearch-serp,web search: catheter user blogger instagram bladder disability advocate US,"Verified via opensecretsmagazine.com/p/the-catheter-lady bio: LA-based writer/comedian/performer at The Pack Theater. Interstitial cystitis, not incontinence per se, but bladder-health-adjacent and audience-aligned.",2026-08-01,2026-08-01
twila-yednock-blog,Twila Yednock,creator-blog,Guest essayist (Healthline) / nonprofit volunteer,https://www.healthline.com/health/overactive-bladder/what-i-learned-oab,,unknown,"Tennessee, US",Twila Yednock,OAB patient essayist / Simon Foundation for Continence volunteer,,research-needed,awareness,Published a first-person Healthline essay on living with overactive bladder and volunteers for the Simon Foundation for Continence helping others manage incontinence — a credible patient-voice contact who could write about or refer UraGuard within continence-advocacy circles.,prospecting,P3,websearch-serp,web search: Twila Yednock writer overactive bladder blog instagram,"No owned blog/social account found — she's a guest essayist and nonprofit volunteer, not an independent creator with her own audience, so this is a slower/indirect outreach path. A masked work email (via Simon Foundation, role: Director of Special Events) appeared in a ZoomInfo listing but was not directly verified/legible, so left blank per no-fabrication rule.",2026-08-01,2026-08-01
adrian-surley-blog,Adrian Surley,creator-blog,Blog / Twitter / Instagram / Facebook,https://www.adriansurley.com/blog/,@adriansurley,"Twitter 1.6K, Instagram 8K",unknown,Adrian Surley,"Blogger, incontinence/ABDL community writer",,contact-form,awareness,"Writes openly about the stigma of wearing adult diapers and incontinence identity across multiple platforms — a stigma-breaking voice, though her audience skews toward the ABDL community rather than Athena's core UTI/medical-incontinence buyer, so pitch should lead with the barrier-liner's discreet, wear-inside-anything format.",prospecting,P3,websearch-serp,web search: caregiver blog elderly incontinence adult diapers instagram support,"Site has a dedicated contact form at adriansurley.com/contact/. Audience-fit caveat: ABDL-community content, not primarily a medical-incontinence/UTI audience — flagged for lower priority.",2026-08-01,2026-08-01
aberrantly-me-blog,Aberrantly Me,creator-blog,Blog (WordPress) / Twitter / Instagram / Reddit,https://aberrantlyme.home.blog/,@aberrantlyme,"Twitter 159, Instagram 132",unknown,,"Blogger, incontinence/ABDL self-acceptance writer",contactaberrantlyme@gmail.com,email,awareness,"Maintains a resource list for people who wear diapers and their loved ones seeking acceptance — a small but genuinely open, contactable blogger who could feature UraGuard's discreet liner within her self-acceptance/incontinence resource content.",prospecting,P2,websearch-serp,web search: caregiver blog elderly incontinence adult diapers instagram support (via bloggers.feedspot.com/adult_diaper_blogs),"Real email verified directly on the blog's about/contact content. Small audience but real, direct contact path — same ABDL-audience caveat as Adrian Surley applies.",2026-08-01,2026-08-01
my-disposable-adult-diaper-blog-blog,My Disposable Adult Diaper Blog,creator-blog,Facebook / Blog,https://www.facebook.com/adultdiaperreviews/,@adultdiaperreviews,unknown,unknown,,Product review blogger,,research-needed,awareness,Runs an ongoing disposable-adult-diaper review blog/Facebook page — a straightforward product-review placement opportunity for the barrier liner as a companion product to review alongside briefs/underwear.,prospecting,P3,websearch-serp,web search: mommy blogger honest review adult diapers postpartum incontinence blog post (via bloggers.feedspot.com list),"Could not verify operator identity, location, or audience size beyond the page's existence via feedspot listing and Facebook page name — needs direct research before outreach.",2026-08-01,2026-08-01
interstitial-cystitis-network-jill-osborne-forum,Interstitial Cystitis Network (Jill Osborne),community-forum,web,https://www.icnetwork.org/,@icnetwork,unknown,"Healdsburg, CA",Jill Osborne,"Founder/President, 30-year IC patient advocate and educator",,contact-form,awareness,ICN runs a large IC patient education hub with product/resource reviews; UraGuard's bacteria-reduction liner fits directly into their bladder-health and UTI-prevention content for IC patients who also manage incontinence.,prospecting,P0,websearch-serp,interstitial cystitis blogger patient advocate US,"Also operates ic-network.com stories section and Instagram @icnetwork (~3,800 followers per search result).",2026-08-01,2026-08-01
interstitial-cystitis-network-instagram-instagram,Interstitial Cystitis Network Instagram,creator-instagram,instagram,https://www.instagram.com/icnetwork/,@icnetwork,"~3,800 followers (per search result)",US,,"Org account, IC education and support",,dm,awareness,"Active IC education Instagram (30+ years, 90+ countries reach per their own copy) — a natural fit to introduce UraGuard's antibacterial liner as a UTI-risk-reduction tool for the IC/incontinence overlap audience.",prospecting,P0,websearch-serp,"interstitial cystitis Instagram creator ""IC warrior""",,2026-08-01,2026-08-01
interstitial-cystitis-association-ica-forum,Interstitial Cystitis Association (ICA),community-forum,web,https://www.ichelp.org/,@icahelp,unknown,"Rockville, MD (national org)",,National nonprofit patient organization,,contact-form,awareness,ICA maintains a 'Voices of Hope' patient blog and runs patient resource/product spotlights; UraGuard's proactive UTI-risk-reduction liner is directly relevant to IC patients managing bladder pain and bacterial flares.,prospecting,P1,websearch-serp,interstitial cystitis blogger patient advocate US,Publishes reader submissions via ichelp.org/category/voices-of-hope-blog/; also has Instagram @icahelp.,2026-08-01,2026-08-01
live-uti-free-luf-blog,Live UTI Free (LUF),creator-blog,web,https://liveutifree.com/,@liveutifree,unknown,US,,Patient-founded UTI research & advocacy organization,team@liveutifree.com,email,awareness,LUF is the leading chronic/recurrent UTI patient advocacy org with a contact form and dedicated podcast; UraGuard's 96% bacterial-reduction liner is squarely on-topic for their audience seeking proactive UTI-risk tools.,prospecting,P0,websearch-serp,"""Live UTI Free"" website contact",Has Contact page at liveutifree.com/contact/ and public email team@liveutifree.com; also runs Global UTI Project (globalutiproject.com) and a YouTube channel.,2026-08-01,2026-08-01
live-uti-free-instagram-instagram,Live UTI Free Instagram,creator-instagram,instagram,https://www.instagram.com/liveutifree/,@liveutifree,unknown,US,,UTI advocacy org account,,dm,awareness,LUF's Instagram is a hub for recurrent-UTI patients actively seeking prevention tools; UraGuard's barrier liner offers a novel proactive angle beyond the usual cranberry/hydration advice they cover.,prospecting,P0,websearch-serp,UTI patient advocate Instagram influencer chronic bladder,Same org as liveutifree.com; email team@liveutifree.com applies.,2026-08-01,2026-08-01
global-uti-project-powered-by-live-uti-free-forum,Global UTI Project (powered by Live UTI Free),community-forum,web,https://globalutiproject.com/,,unknown,US (LUF is US-based),,UTI research recruitment & awareness initiative,,research-needed,awareness,This LUF-run research/awareness project aggregates the recurrent-UTI patient community globally; a resource listing or awareness mention would reach highly engaged chronic-UTI sufferers researching prevention options.,prospecting,P2,websearch-serp,"""Live UTI Free"" website contact",Sister property to liveutifree.com; likely shares team@liveutifree.com contact.,2026-08-01,2026-08-01
tight-lipped-forum,Tight Lipped,community-forum,web,https://www.tightlipped.org/,,unknown,US (SF Bay Area chapter mentioned),,Grassroots patient-led advocacy org for pelvic pain/IC (podcast + community workshops),,research-needed,awareness,Tight Lipped organizes patient workshops and a podcast for vulvovaginal/pelvic pain and IC patients; UraGuard's proactive bacterial-reduction liner is relevant to members who also manage incontinence products.,prospecting,P1,websearch-serp,"""Tight Lipped"" advocacy interstitial cystitis women's health website",Runs a podcast (tightlipped.org/podcast); has a San Francisco chapter volunteer (Alena Beliauskaya) per search result.,2026-08-01,2026-08-01
alana-saltz-blog,Alana Saltz,creator-blog,web,https://www.sheknows.com/health-and-wellness/articles/1130532/bladder-condition-taking-over-my-life,,unknown,US,Alana Saltz,Writer/editor and IC + disability-rights advocate who published a widely-cited personal essay on living with IC,,research-needed,awareness,Alana wrote a personal essay for SheKnows specifically to raise public awareness of IC's daily-life impact; she'd be a strong fit to feature a proactive bacterial-risk-reduction product like UraGuard's liner in future writing.,prospecting,P2,websearch-serp,interstitial cystitis blogger patient advocate US,Featured by ICA at ichelp.org/blogger-raising-awareness-ic/; has a public Facebook page (facebook.com/alanasaltz).,2026-08-01,2026-08-01
interstitial-cystitis-recipes-instagram,Interstitial Cystitis Recipes,creator-instagram,instagram,https://www.instagram.com/icrecipes/,@icrecipes,unknown,US,,IC-friendly diet/recipe Instagram account,,dm,awareness,"This account serves IC patients focused on daily symptom management; UraGuard's bacterial-reduction liner complements their diet-management content as another proactive, non-dietary tool for bladder-health-conscious followers.",prospecting,P2,websearch-serp,Alana Saltz interstitial cystitis blog Instagram,Surfaced via Inspire.com IC community discussion thread on 'Food Blogs for IC.',2026-08-01,2026-08-01
ic-support-network-instagram,IC Support Network,creator-instagram,instagram,https://www.instagram.com/icwarriors/,@icwarriors,"83 followers (per search result, small)",US,,Interstitial Cystitis peer support Instagram community,,dm,awareness,"A dedicated IC peer-support account welcoming warriors to share coping strategies; introducing UraGuard's proactive UTI-risk-reduction liner fits their mutual-aid, tips-sharing content format.",prospecting,P2,websearch-serp,"interstitial cystitis Instagram creator ""IC warrior""",Small account; lower reach but tightly on-topic community.,2026-08-01,2026-08-01
interstitial-cystitis-athlete-instagram,Interstitial Cystitis Athlete,creator-instagram,instagram,https://www.instagram.com/interstitial_cystitis_athlete/,@interstitial_cystitis_athlete,unknown,US,,IC patient creator focused on staying active with IC,,dm,awareness,This niche account speaks to physically active IC patients managing flares day-to-day; UraGuard's discreet barrier liner is relevant to their audience's search for proactive bladder-health products that support an active lifestyle.,prospecting,P2,websearch-serp,"interstitial cystitis Instagram creator ""IC warrior""",,2026-08-01,2026-08-01
national-association-for-continence-nafc-bhealth-blog-forum,National Association For Continence (NAFC) — bHealth Blog,community-forum,web,https://nafc.org/bhealth-blog/recurrent-uti-what-it-is-and-what-to-do-about-it/,,unknown,"Charleston, SC (national org)",,"National nonprofit patient education org, incontinence + UTI content",,contact-form,awareness,"NAFC's bHealth Blog already publishes explicitly on recurrent UTI prevention for their incontinence-focused readership — the exact overlap UraGuard's liner addresses, making this a natural resource-page or guest-content pitch.",prospecting,P0,websearch-serp,"chronic UTI advocate blog ""recurrent UTI""",Publishes patient-facing recurrent UTI content directly at the incontinence/UTI intersection that is UraGuard's core positioning.,2026-08-01,2026-08-01
how-ic-it-blog,How IC It...,creator-blog,web,http://how-ic-it.blogspot.com/,,unknown,US,,Personal IC patient blog documenting daily management,,research-needed,awareness,A long-running personal blog on living day-to-day with IC; a review or mention of UraGuard's antibacterial liner would fit the blog's practical management-tips format for readers with overlapping incontinence needs.,prospecting,P3,websearch-serp,"""How IC It"" blog interstitial cystitis author",Author identity not disclosed on page; would need an about-page/comment outreach to identify a contact.,2026-08-01,2026-08-01
r-uti-forum,r/UTI,community-forum,reddit,https://www.reddit.com/r/UTI/,r/UTI,unknown,US-majority (unverified),,Reddit community for people dealing with UTIs,,research-needed,awareness,"Active peer-support subreddit for recurrent UTI sufferers researching prevention products; moderator outreach or an AMA could introduce UraGuard's clinically-tested bacterial-reduction liner to a highly engaged, product-curious audience.",prospecting,P2,websearch-serp,recurrent UTI reddit community forum r/UTI,Reddit outreach requires moderator contact via modmail; no moderator name confirmed via search.,2026-08-01,2026-08-01
r-interstitialcystitis-forum,r/InterstitialCystitis,community-forum,reddit,https://www.reddit.com/r/InterstitialCystitis/,r/InterstitialCystitis,unknown,US-majority (unverified),,Reddit community for IC/bladder pain syndrome patients,,research-needed,awareness,"IC patients frequently manage co-occurring incontinence and recurrent bacterial flares; a moderator-approved product mention could reach this self-selected, symptom-management-focused community.",prospecting,P3,websearch-serp,reddit r/interstitialcystitis subscribers community,Subscriber count and moderator identity not confirmed via search; verify subreddit is active before outreach.,2026-08-01,2026-08-01
interstitial-cystitis-association-patient-community-inspire--forum,Interstitial Cystitis Association patient community (Inspire.com),community-forum,web,https://www.inspire.com/groups/interstitial-cystitis-association/,,unknown,US,,ICA-hosted online patient support forum,,research-needed,awareness,"This is ICA's official patient discussion forum on Inspire, where members actively swap product recommendations (e.g., the 'Food Blogs for IC' thread found); a UraGuard resource share would slot naturally into these product-discussion threads.",prospecting,P2,websearch-serp,Alana Saltz interstitial cystitis blog Instagram,Formal partnership/resource submission likely needs to go through ICA (ichelp.org) directly rather than the forum itself.,2026-08-01,2026-08-01
emily-gammell-blog,Emily Gammell,creator-blog,web,https://chronicdiseasecoalition.org/news/patient-advocate-spotlight-emily-gammell,,unknown,"Nashville, TN",Emily Gammell,"Women's health patient advocate (IC, pudendal neuralgia, pelvic floor dysfunction)",,research-needed,awareness,Featured by the Chronic Disease Coalition for her decade-long IC advocacy fighting for better diagnosis and care; a proactive UTI-risk-reduction product aligns with her mission of giving IC/pelvic pain patients more effective self-management tools.,prospecting,P2,websearch-serp,Emily Gammell women's health patient advocate Nashville interstitial cystitis Instagram,Personal social handles not confirmed via search; would need to locate her direct Instagram/site to pitch.,2026-08-01,2026-08-01
charlotte-mckinney-instagram,Charlotte McKinney,creator-instagram,instagram,https://www.sollishealth.com/charlotte-mckinney,,"large (celebrity, follower count not confirmed via search)",US,Charlotte McKinney,Actress/model and public IC patient advocate,,research-needed,awareness,"McKinney has publicly shared her 5+ year IC journey (SELF video, Sollis Health feature) and built an engaged community of followers reaching out about their own IC; a celebrity-level mention of UraGuard's proactive liner could drive significant awareness.",prospecting,P3,websearch-serp,Charlotte McKinney interstitial cystitis Instagram post,"High-profile but likely requires agent/PR contact, not direct DM — long outreach cycle.",2026-08-01,2026-08-01
dailycaring-health,DailyCaring,publication-health,web,https://dailycaring.com/incontinence-care-9-tips-for-caregivers/,,unknown,US,,Editorial team,,contact-form,awareness,"DailyCaring already publishes nighttime-incontinence and caregiver product-kit guides (e.g. 'Nighttime Incontinence: 6 Tips'), so a barrier liner that cuts bacterial concentration inside briefs is a natural add to their existing product-recommendation content.",prospecting,P0,websearch-serp,DailyCaring incontinence products for seniors,Site already covers NorthShore briefs and incontinence protection guides; find contact form on site.,2026-08-01,2026-08-01
aginginplace-org-health,AgingInPlace.org,publication-health,web,https://aginginplace.org/,,unknown,US,Tom Romero (Director of Media Outreach),Media Outreach Director,tom.romero@aginginplace.org,email,awareness,"AgingInPlace.org runs a hands-on product-review process for caregiver/older-adult products, and UraGuard's lab-tested 96% bacterial reduction liner is a natural fit for their existing incontinence-and-continence-care review verticals.",prospecting,P0,websearch-serp,aging in place blog product reviews for seniors caregivers contact write for us,Found direct named media outreach contact with email; also has editorial contact Chelsea Burns (chelsea.burns@three-ships.com) for standards questions.,2026-08-01,2026-08-01
elderlydaily-health,ElderlyDaily,publication-health,web,https://elderlydaily.com/reviews,,unknown,US,,Editorial team (founded by a family caregiver),support@elderlydaily.com,email,awareness,"Founded by a family caregiver and built around caregiver-tested product reviews across 60+ categories, ElderlyDaily is positioned to review a proactive UTI-risk-reduction liner as a distinct, testable product category.",prospecting,P0,websearch-serp,aging in place blog product reviews for seniors caregivers contact write for us,Has a public support email; site is caregiver-review-first (not institutional).,2026-08-01,2026-08-01
better-health-while-aging-dr-leslie-kernisan-health,Better Health While Aging (Dr. Leslie Kernisan),publication-health,web,https://betterhealthwhileaging.net/,,unknown,US (California),"Dr. Leslie Kernisan, MD MPH",Founder/geriatrician,,contact-form,awareness,"Written by a board-certified geriatrician for family caregivers, this site could credibly evaluate the clinical/lab-testing angle behind UraGuard's 96% bacterial-reduction claim for older adults at elevated UTI risk.",prospecting,P1,websearch-serp,aging in place blog product reviews for seniors caregivers contact write for us,"Contact form at betterhealthwhileaging.net/contact/; high editorial credibility, likely a slower/more skeptical door (needs real clinical data).",2026-08-01,2026-08-01
going-like-sixty-blog,Going Like Sixty,creator-blog,web,https://www.goinglikesixty.com/best-underwear-for-seniors/,,unknown,US,,Product review editors,,contact-form,awareness,"Going Like Sixty already runs a scored 'Best Underwear for Seniors' review page, making UraGuard's liner-plus-underwear system a direct fit to add as a new entry or sub-review.",prospecting,P0,websearch-serp,"""aging in place"" lifestyle blogger ""over 60"" incontinence liner review 2026",Amazon-affiliate review site with existing scoring methodology (8.0-10.0 scale); contact form at goinglikesixty.com/contact/.,2026-08-01,2026-08-01
caring-senior-service-blog-health,Caring Senior Service Blog,publication-health,web,https://caringseniorservice.com/blog/incontinence-products-for-elderly/,,unknown,"US (national franchise, HQ San Antonio TX)",,Content/marketing team,,contact-form,awareness,"Their existing 'Top 7 Incontinence Products for the Elderly' post covering briefs, pads and underwear is a direct slot to add a proactive antibacterial-liner category most competitor round-ups miss.",prospecting,P1,websearch-serp,aging in place blog reviews incontinence products best adult diapers seniors,In-home care franchise with active blog + podcast; use general site contact/franchise inquiry form.,2026-08-01,2026-08-01
boomershub-blog-health,BoomersHub Blog,publication-health,web,https://www.boomershub.com/blog/you-must-know-about-uti-prevention-in-elderly-females,,unknown,US,,Editorial team,,contact-form,awareness,"BoomersHub already has a dedicated UTI-prevention-in-elderly-women article, so UraGuard's proactive bacterial-reduction liner is a direct product tie-in rather than a cold topic pitch.",prospecting,P1,websearch-serp,caregiver blog UTI prevention elderly women product review,BoomersHub is a senior-living placement/referral service with an active blog; site contact form only found (WebFetch to page failed via SSL error).,2026-08-01,2026-08-01
vanika-retirement-guide-blog,Vanika Retirement Guide,creator-blog,web,https://vanika.com/how-to-prevent-uti-in-the-elderly/,,unknown,US,Josh Gibson (site owner),Owner/author,,research-needed,awareness,"Vanika's own UTI-prevention-in-seniors article frames most UTIs as preventable through daily habits, an easy hook to introduce UraGuard's lab-tested liner as a concrete preventive product.",prospecting,P2,websearch-serp,"""Considerable.com"" OR ""Next Avenue"" incontinence aging",No visible email/contact form on fetched page; would need to check site footer/privacy pages for contact path.,2026-08-01,2026-08-01
sixty-and-me-health,Sixty and Me,publication-health,web,https://sixtyandme.com/overactive-bladder/,,unknown,US,,Editorial team,info@sixtyandme.com,email,awareness,"Sixty and Me already publishes menopause-related overactive-bladder content for older women, directly matching UraGuard's post-menopausal buyer and giving a natural news hook for a proactive UTI-prevention liner.",prospecting,P1,websearch-serp,Sixty and Me incontinence menopause blog seniors women,"Large women 60+ lifestyle publication; general inbox email found via search, not verified on-site.",2026-08-01,2026-08-01
agingcare-com-health,AgingCare.com,publication-health,web,https://www.agingcare.com/articles/incontinence-adult-diapers-absorbent-products-133822.htm,,unknown,US,,Editorial team,,research-needed,awareness,AgingCare.com's existing 'How to Choose the Best Adult Diaper' guide and dedicated incontinence topic hub is a direct placement opportunity for a liner category their round-up doesn't yet cover.,prospecting,P2,websearch-serp,aging in place blog reviews incontinence products best adult diapers seniors,"About-us page returned 404 on fetch; large caregiver Q&A community/publication, contact path needs further research.",2026-08-01,2026-08-01
national-association-for-continence-nafc-bladder-health-blog-health,National Association For Continence (NAFC) Bladder Health Blog,publication-health,web,https://nafc.org/bhealth-blog/products-for-aging-in-place/,,unknown,US,,Editorial/advocacy team,,contact-form,awareness,"NAFC's bladder-health blog already runs an 'aging in place products' roundup and a menopause-and-incontinence explainer, giving direct editorial precedent for covering a bacterial-reduction liner aimed at UTI risk.",prospecting,P1,websearch-serp,"""aging in place"" blog product reviews for seniors caregivers contact write for us",National nonprofit patient-advocacy org with active blog covering both incontinence and menopause-and-incontinence; strong topical fit given UraGuard's UTI angle.,2026-08-01,2026-08-01
caring-village-blog-health,Caring Village Blog,publication-health,web,https://caringvillage.com/blog/,,unknown,US,,Editorial team,,contact-form,awareness,"Caring Village positions itself as trusted caregiving guides with honest product reviews for family caregivers, a direct fit for an honest hands-on review of UraGuard's antibacterial liner.",prospecting,P2,websearch-serp,"""aging in place"" blog product reviews for seniors caregivers contact write for us","Caregiving app/platform company with active blog; contact path not directly verified, needs site visit.",2026-08-01,2026-08-01
morada-senior-living-blog-health,Morada Senior Living Blog,publication-health,web,https://www.moradaseniorliving.com/senior-living-blog/incontinence-products-choosing-the-right-options-for-seniors/,,unknown,US (multi-state senior living communities),,Corporate marketing/content team,,contact-form,awareness,"Morada's corporate blog already publishes a resident-and-family-facing incontinence-product-choice guide across its senior living communities, a channel to reach both residents' family caregivers and facility staff.",prospecting,P2,websearch-serp,"senior living community blog ""incontinence supplies"" resident families website:seniorlivingnearme.com OR site:morada","Multi-community senior living operator (long sales cycle, institutional); good long-term brand-awareness placement rather than quick pickup.",2026-08-01,2026-08-01
discovery-village-senior-living-blog-health,Discovery Village Senior Living Blog,publication-health,web,https://discoveryvillages.com/senior-living-blog/how-indialantic-fl-assisted-living-handles-incontinence-in-the-elderly/,,unknown,US (FL-based multi-state communities),,Corporate marketing/content team,,contact-form,awareness,"This assisted-living operator's blog already addresses how staff handle incontinence for residents, offering an entry point to pitch a proactive UTI-risk product for facility use.",prospecting,P3,websearch-serp,"senior living community blog ""incontinence supplies"" resident families website:seniorlivingnearme.com OR site:morada",Institutional assisted-living operator; likely long procurement/marketing cycle.,2026-08-01,2026-08-01
assisted-living-locators-long-island-blog-health,Assisted Living Locators Long Island Blog,publication-health,web,https://assistedlivinglocatorslongisland.com/straight-talk-incontinence-and-assisted-living-memory-care/,,unknown,"US (Long Island, NY)",,Local franchise owner/content team,,contact-form,awareness,"This local placement-service blog already runs a 'straight talk' explainer on incontinence in assisted living/memory care, a natural spot to mention a proactive UTI-prevention product for families researching care options.",prospecting,P3,websearch-serp,"senior living community blog ""incontinence supplies"" resident families website:seniorlivingnearme.com OR site:morada","Small local franchise blog, modest reach but topically on point; good long-tail P3 outreach.",2026-08-01,2026-08-01
pacific-angels-home-care-blog-health,Pacific Angels Home Care Blog,publication-health,web,https://www.pacificangelshomecare.com/blog/elderly-incontinence-products-services/,,unknown,US (California-based home care agency),,Content/marketing team,,contact-form,awareness,"Their '14 Elderly Incontinence Products and Services to Help Seniors' post is an existing product round-up that a proactive antibacterial liner could be added to, reaching families hiring in-home caregivers.",prospecting,P3,websearch-serp,aging in place blog reviews incontinence products best adult diapers seniors,"Regional in-home care agency blog; smaller audience, straightforward content-add pitch.",2026-08-01,2026-08-01
kimberly-goad-health,Kimberly Goad,publication-health,web,https://www.aarp.org/caregiving/medical/incontinence-care-guide/,,AARP.org reaches tens of millions of readers 50+,US,Kimberly Goad,Contributing Writer,,contact-form,awareness,"Goad's AARP 'Incontinence Care Guide' already walks readers through product types and hygiene tips for an over-50 audience — UraGuard's antibacterial barrier liner (96% bacterial reduction) is a natural addition as a proactive UTI-prevention layer, a gap the current guide doesn't cover.",prospecting,P0,websearch-serp,AARP incontinence products article author bylines,"Article covers product types/hygiene, quotes urologists Gregory Amend MD and Rotimi Nettey MD; no direct author contact found, use AARP general contact/PR.",2026-08-01,2026-08-01
elsa-whitney-health,Elsa Whitney,publication-health,web,https://www.innerbody.com/best-incontinence-underwear-for-women,,Innerbody Research is a large health-product review site,"US (Scranton, PA)",Elsa Whitney,Senior Editor & Writer,,research-needed,awareness,"Whitney authored Innerbody's existing 'Best Incontinence Underwear for Women' roundup, medically reviewed by a urologist — UraGuard's liner is a testable add-on category (worn inside any brand's underwear) that fits directly into that comparison format.",prospecting,P0,websearch-serp,Verywell Health incontinence products roundup author / Innerbody author profile Elsa Whitney contact,"Author profile at innerbody.com/authors/whitney-elsa; email masked on ZoomInfo/RocketReach, could not verify real address.",2026-08-01,2026-08-01
sarah-kovac-health,Sarah Kovac,publication-health,web,https://www.consumerreports.org/adaptive-living-aging-accessibility/best-incontinence-underwear-and-adult-diapers-a5954697203/,,Consumer Reports has millions of subscribers,US,Sarah Kovac,"Journalist, Adaptive Living Coverage",,research-needed,awareness,"Kovac leads Consumer Reports' adaptive living coverage and already tests incontinence underwear/adult diapers head-to-head; UraGuard's lab-tested 96% bacterial-reduction liner is a distinct, testable claim CR's rigor-focused readers would value.",prospecting,P0,websearch-serp,Verywell Health incontinence products roundup author / Reviewed USA Today best adult diapers author contact,Founder of Five Star Adaptive; no direct email found — pitch via CR editorial contact or Five Star Adaptive site.,2026-08-01,2026-08-01
sara-lindberg-megan-dix-rn-health,"Sara Lindberg & Megan Dix, RN",publication-health,web,https://www.healthline.com/health/best-adult-diapers-recommendations-for-all-needs,,Healthline is a top-tier health publication (tens of millions monthly),US,Sara Lindberg / Megan Dix,Health Writers,,research-needed,awareness,Healthline's 'Best Adult Diapers' roundup lists product recommendations but has no proactive UTI-risk angle for incontinence product users — UraGuard's antibacterial liner fills that content gap with a lab-backed 96% bacterial-reduction claim.,prospecting,P0,websearch-serp,site:healthline.com best adult diapers incontinence products,Medically reviewed by Eloise Theisen RN MSN AGPCNP-BC. No author email surfaced.,2026-08-01,2026-08-01
national-association-for-continence-nafc-health,National Association For Continence (NAFC),publication-health,web,https://nafc.org/how-we-work-with-partners/,,"~10,000 consumer subscribers, 3,500+ healthcare professionals",US,S. Jenkins (Content/Sponsorship contact),Partnerships/Sponsored Content,sjenkins@nafc.org,email,awareness,"NAFC's Bladder Health Blog already ran 'UTIs, Incontinence and Menopause' explaining the clinical link — UraGuard is a direct product fit for their Trusted Partner program and newsletter reaching ~10,000 consumers plus 3,500+ clinicians.",prospecting,P0,websearch-serp,National Association for Continence blog contributor write for us / Midi Health OR Gennev menopause UTI incontinence blog author,"Formal partner program with named contacts; memberservices@nafc.org for Trusted Partner listing, sjenkins@nafc.org for sponsored content/blog posts.",2026-08-01,2026-08-01
let-s-talk-menopause-health,Let's Talk Menopause,publication-health,web,https://www.letstalkmenopause.org/our-articles/leaks-incontinence,,National menopause nonprofit with active blog/podcast/events,US,,Nonprofit editorial team,hello@letstalkmenopause.org,email,awareness,Their 'Leaks & Incontinence' article already features a urogynecologist explaining the menopause-UTI-incontinence link; UraGuard directly serves their peri/postmenopausal audience managing both issues simultaneously.,prospecting,P0,websearch-serp,Let's Talk Menopause UTI incontinence blog contributor,"501(c)(3); article features Dr. Rachael D. Sussman, urologist/urogynecologist at MedStar Georgetown.",2026-08-01,2026-08-01
gennev-health,Gennev,publication-health,web,https://gennev.com/learn/recurrent-urinary-tract-infection-uti/,,Menopause telehealth platform with active content hub,US,Wendy Sloneker (author) / Dr. Rebecca Dunsmoor-Su (medical reviewer),Menopause telehealth content team,support@gennev.com,email,awareness,"Gennev already publishes on recurrent UTIs in menopause and on overactive bladder/incontinence, reviewed by their own Director of Health — UraGuard's liner is a concrete product recommendation to slot into both existing articles.",prospecting,P1,websearch-serp,Midi Health OR Gennev menopause UTI incontinence blog author,"Also has companion article 'Overactive Bladder, Incontinence and Menopause' at gennev.com/learn/overactive-bladder-incontinence-menopause/.",2026-08-01,2026-08-01
robin-elise-weiss-phd-health,"Robin Elise Weiss, PhD",publication-health,web,https://healthcentral.com/article/what-to-know-about-urinary-tract-infections,,HealthCentral has a dedicated Urinary Health category,US,Robin Elise Weiss,Health Writer,,research-needed,awareness,"Weiss authored HealthCentral's core UTI prevention/treatment article on a site with a dedicated Urinary Health vertical (UTIs, incontinence, overactive bladder) — a strong fit to introduce UraGuard's proactive barrier-liner angle.",prospecting,P1,websearch-serp,site:healthcentral.com urinary tract infection incontinence author,HealthCentral urinary health hub: https://www.healthcentral.com/category/urinary-health,2026-08-01,2026-08-01
rachel-hager-health,Rachel Hager,publication-health,web,https://health.yahoo.com/wellness/healthy-aging/personal-care/article/best-adult-diapers-000133172.html,,Yahoo Health/Yahoo Life has broad mainstream reach,US,Rachel Hager,Contributing Health Writer,,research-needed,awareness,Hager's Yahoo Health 'best adult diapers' roundup targets the same aging/incontinence audience; UraGuard's antibacterial liner is a complementary product she could add as a UTI-prevention layer alongside diaper picks.,prospecting,P1,websearch-serp,Yahoo Life best adult diapers article author byline,Published 2026; byline confirmed via fetch of article page.,2026-08-01,2026-08-01
nicole-hernandez-health,Nicole Hernandez,publication-health,web,https://www.aol.com/lifestyle/best-incontinence-underwear-150804969.html,,AOL Lifestyle has wide mainstream syndication,US,Nicole Hernandez,Writer,,research-needed,awareness,Hernandez's AOL Lifestyle piece consults pelvic health specialists on best incontinence underwear — UraGuard's clinically-tested liner gives her a specialist-backed product angle (proactive UTI-risk reduction) to extend that expert-sourced format.,prospecting,P1,websearch-serp,site:verywellhealth.com incontinence products best,"Article title: 'These are the best incontinence underwear out there, according to pelvic health specialists.'",2026-08-01,2026-08-01
reviewed-usa-today-network-health,Reviewed (USA Today Network),publication-health,web,https://www.reviewed.com/accessibility/best-right-now/best-cloth-diapers-adults,,"USA Today Network, large mainstream reach",US,,Accessibility/Product Review Desk,,contact-form,awareness,Reviewed's accessibility desk already runs a 'best adult cloth diapers' vertical for USA Today's audience; UraGuard's liner is a natural adjacent category (works inside any brand) for their next incontinence-care update.,prospecting,P2,websearch-serp,best adult diapers 2026 roundup editor Healthline,Reviewed is USA Today's product-review vertical; specific writer byline not confirmed.,2026-08-01,2026-08-01
elderlife-financial-blog-health,ElderLife Financial (blog),publication-health,web,https://www.elderlifefinancial.com/best-adult-diapers-of-2026/,,Niche senior-care finance content site,US,,Content team,,contact-form,awareness,Their 'Best Adult Diapers of 2026' roundup targets families financing senior care; UraGuard's UTI-risk-reduction liner is a value-add product angle for a cost-conscious caregiving audience already reading product comparisons.,prospecting,P2,websearch-serp,best adult diapers 2026 roundup editor Healthline,Content/company site rather than traditional newsroom; no author byline surfaced.,2026-08-01,2026-08-01
wellness-briefs-health,Wellness Briefs,publication-health,web,https://wellnessbriefs.com/pages/best-adult-diapers-2026,,Niche incontinence-focused content/commerce site,US,,Content team,,contact-form,awareness,"This 2026 adult-diaper roundup already frames product picks around 'protection technology' (e.g., NASA-inspired InconTek) — UraGuard's lab-tested antibacterial liner fits that same technology-forward comparison narrative.",prospecting,P2,websearch-serp,best adult diapers 2026 roundup editor Healthline,No individual author byline found; likely a commerce-content hybrid site.,2026-08-01,2026-08-01
hallie-bateman-cup-of-jo-health,Hallie Bateman / Cup of Jo,publication-health,web,https://cupofjo.com/2026/02/06/adult-diapers-a-love-story/,,Cup of Jo is a major women's lifestyle site with a large newsletter/readership,US,Hallie Bateman,Contributing Illustrator-Writer / Site Editorial (Joanna Goddard Inc.),,contact-form,awareness,Cup of Jo just ran a personal essay/comic on adult diapers reaching a large women's lifestyle audience many of whom are perimenopausal — an opportunity to pitch a follow-up piece on proactive UTI prevention while managing incontinence.,prospecting,P2,websearch-serp,Yahoo Life best adult diapers article author byline,"Piece is essay/comic format, not a product roundup; pitch via Cup of Jo's About/contact page for editorial pitches (not Bateman directly, she's a guest contributor).",2026-08-01,2026-08-01
healthcentral-urinary-health-desk-health,HealthCentral Urinary Health desk,publication-health,web,https://www.healthcentral.com/category/urinary-health,,Established condition-specific health vertical,US,,Editorial vertical,,contact-form,awareness,"HealthCentral runs a standing Urinary Health vertical covering UTIs, incontinence, and overactive bladder together — exactly the intersection UraGuard's liner addresses — making it a strong ongoing-coverage target beyond one article.",prospecting,P2,websearch-serp,site:healthcentral.com urinary tract infection incontinence author,"Category hub aggregates multiple writers/reviewers (Dennis Moledina MD, David Padua MD, Eugene Shkolyar MD as medical reviewers).",2026-08-01,2026-08-01
r-incontinence-reddit,r/Incontinence,community-reddit,Reddit,https://www.reddit.com/r/Incontinence/,r/Incontinence,"~11,000 members","US-majority (global sub, English-language)",,Subreddit moderators,,dm,awareness,"This sub is explicitly for people managing all forms of incontinence and frequently discusses diaper/liner product experiences, so a firsthand post about a bacterial-reducing barrier liner (worn inside any brief) speaks directly to what members are already comparing.",prospecting,P0,reddit-search,gummysearch.com/r/Incontinence/ (member count); reddit subreddit search 'reddit subreddit incontinence support community',"Verified via GummySearch subreddit stats page, which mirrors live Reddit subscriber data. Direct WebFetch to reddit.com is blocked from this environment (403), so numbers are sourced from a third-party stats mirror, not Reddit itself directly.",2026-08-01,2026-08-01
r-agingparents-reddit,r/AgingParents,community-reddit,Reddit,https://www.reddit.com/r/AgingParents/,r/AgingParents,"~79,000 members",US-majority,,Subreddit moderators,,dm,awareness,"Adult children here constantly troubleshoot incontinence and UTI cycles in aging parents; a proactive UTI-risk-reduction liner is a practical caregiving tip, not an ad, for this exact pain point.",prospecting,P1,reddit-search,gummysearch.com/r/AgingParents/ (77k-79k members); 'reddit subreddit caregivers elderly parents support',"Sub rules explicitly say product recommendations are 'off-topic' unless organically part of advice threads — outreach should be participatory, not a pitch post.",2026-08-01,2026-08-01
r-caregiversupport-reddit,r/CaregiverSupport,community-reddit,Reddit,https://www.reddit.com/r/CaregiverSupport/,r/CaregiverSupport,"~46,000 members",US-majority,,Subreddit moderators,,dm,awareness,General caregiver burnout/venting sub where incontinence-care logistics for a parent or spouse are a recurring topic; UTI-prevention framing fits the 'lower the mental load' angle caregivers respond to.,prospecting,P1,reddit-search,gummysearch.com/r/CaregiverSupport/ (46k members),,2026-08-01,2026-08-01
r-menopause-reddit,r/Menopause,community-reddit,Reddit,https://www.reddit.com/r/Menopause/,r/Menopause,"~222,000 members",US-majority,,Subreddit moderators,,dm,awareness,"Largest menopause community on Reddit; post-menopausal bladder/UTI vulnerability is a named recurring topic, making the barrier-liner's proactive UTI-risk angle directly relevant even for members who don't yet use incontinence products.",prospecting,P1,reddit-search,gummysearch.com/r/Menopause/ (222k members); 'reddit subreddit menopause support community',,2026-08-01,2026-08-01
r-perimenopause-reddit,r/Perimenopause,community-reddit,Reddit,https://www.reddit.com/r/Perimenopause/,r/Perimenopause,"~153,000 members",US-majority,,Subreddit moderators,,dm,awareness,High-volume hormone-symptom community adjacent to r/Menopause; earlier-stage members are a good top-of-funnel audience for UraGuard's UTI-prevention education before incontinence products become relevant.,prospecting,P2,reddit-search,gummysearch.com/r/Perimenopause/ (153k members),,2026-08-01,2026-08-01
r-dementia-reddit,r/dementia,community-reddit,Reddit,https://www.reddit.com/r/dementia/,r/dementia,"~66,000 members",US-majority,,Subreddit moderators,,dm,awareness,"Dementia caregivers manage incontinence daily as the disease progresses and UTIs are a known trigger for sudden confusion in this population, making UraGuard's UTI-risk-reduction pitch clinically resonant here.",prospecting,P1,reddit-search,gummysearch.com/r/dementia/ (66k members); 'reddit subreddit caregivers elderly parents support',"Community rules prohibit self-promotion/solicitation and AI-generated content — any outreach must be a genuine mod conversation, not a drive-by post.",2026-08-01,2026-08-01
r-alzheimers-reddit,r/Alzheimers,community-reddit,Reddit,https://www.reddit.com/r/Alzheimers/,r/Alzheimers,"~26,000 members",US-majority,,Subreddit moderators,,dm,awareness,Same UTI-triggered-delirium concern as r/dementia; caregivers here already discuss diaper/brief routines for late-stage patients.,prospecting,P2,reddit-search,gummysearch.com/r/Alzheimers/ (26k members),,2026-08-01,2026-08-01
r-eldercare-reddit,r/eldercare,community-reddit,Reddit,https://www.reddit.com/r/eldercare/,r/eldercare,"~16,000 members",US-majority,,Subreddit moderators,,dm,awareness,Smaller but tightly on-topic emotional-support sub for eldercare logistics including nursing-home and in-home incontinence management questions.,prospecting,P2,reddit-search,gummysearch.com/r/eldercare/ (16k members),,2026-08-01,2026-08-01
r-beyondthebump-reddit,r/beyondthebump,community-reddit,Reddit,https://www.reddit.com/r/beyondthebump/,r/beyondthebump,"~807,000 members",US-majority,,Subreddit moderators,,dm,awareness,"Very large postpartum-recovery hub where postnatal incontinence pads/underwear and postpartum UTI risk are recurring threads, making it a high-reach entry point even though liner use-case is secondary here.",prospecting,P2,reddit-search,gummysearch.com/r/beyondthebump/ (807k members); 'reddit subreddit postpartum recovery support',"Broad new-parent sub, not incontinence-specific — treat as awareness reach rather than a perfect-fit P0/P1.",2026-08-01,2026-08-01
r-postpartumdepression-reddit,r/postpartumdepression,community-reddit,Reddit,https://www.reddit.com/r/postpartumdepression/,r/postpartumdepression,"~2,000 members",US-majority,,Subreddit moderators,,dm,awareness,"Small, tightly-focused postpartum support sub; weaker product fit (mental health, not physical recovery) so best used only if a caregiver/physical-recovery crossover thread appears.",prospecting,P3,reddit-search,gummysearch.com/r/postpartumdepression/ (2k members),Low member count and topic mismatch (mental health vs. physical incontinence/UTI) — lowest priority of the postpartum set.,2026-08-01,2026-08-01
r-diabetes-reddit,r/diabetes,community-reddit,Reddit,https://www.reddit.com/r/diabetes/,r/diabetes,"~166,000 members",US-majority,,Subreddit moderators,,dm,awareness,"Diabetics have elevated UTI risk and some members manage incontinence/neuropathy-related bladder issues, an adjacent audience per the brand's stated adjacent segments.",prospecting,P3,reddit-search,gummysearch.com/r/diabetes/ (166k members),"Adjacent, not core — UTI/incontinence is a minority topic in this general diabetes-management sub.",2026-08-01,2026-08-01
r-chronicillness-reddit,r/ChronicIllness,community-reddit,Reddit,https://www.reddit.com/r/ChronicIllness/,r/ChronicIllness,"~110,000 members",US-majority,,Subreddit moderators,,dm,awareness,"Broad chronic-illness support sub where catheter users, IC patients, and incontinence sufferers overlap; good for organic mentions in relevant threads.",prospecting,P3,reddit-search,gummysearch.com/r/ChronicIllness/ (110k members),"Explicitly 'not for medical advice' — self-promotion likely restricted; treat as long-cycle, mod-relationship-first.",2026-08-01,2026-08-01
the-incontinence-community-facebook,The Incontinence Community,community-facebook,Facebook,https://www.facebook.com/groups/theincontinencecommunity/,theincontinencecommunity,Unknown (not publicly disclosed in search results),US,,Group admins (brand-run),,research-needed,awareness,"Large, active incontinence-focused Facebook community, though flagged below as brand-owned by a direct competitor.",prospecting,P3,fb-group-search,"'facebook group ""incontinence"" support women members site:facebook.com'; confirmed as Depend®-run via www1.depend.com/en-us/incontinence-help/facebook","CAUTION: this group is operated by Depend (Kimberly-Clark), a direct competitor — unlikely to be an open door for UraGuard outreach; listed for completeness only, deprioritize.",2026-08-01,2026-08-01
women-s-incontinence-support-group-facebook,Women's Incontinence Support Group,community-facebook,Facebook,https://www.facebook.com/groups/wbmincontinencesupport/,wbmincontinencesupport,Unknown (research study found comparable OAB/UI FB groups averaging in the low thousands),"US (inferred, not confirmed)",,Group admins,,research-needed,awareness,"Women-only incontinence support group — direct core-audience fit for the barrier liner, since the buyer profile is explicitly women managing incontinence.",prospecting,P1,fb-group-search,"'facebook group ""incontinence"" support women members site:facebook.com'",Member count not visible via search; requires logging in/joining to confirm size and admin contact.,2026-08-01,2026-08-01
care-givers-of-elderly-parents-support-group-facebook,Care Givers of Elderly Parents Support Group,community-facebook,Facebook,https://www.facebook.com/groups/503175313176936/,,Unknown,US (inferred),,Group admins,,research-needed,awareness,Caregivers here actively manage parents' incontinence products; UraGuard's UTI-prevention data gives them a concrete new tool to bring up with a parent's doctor.,prospecting,P1,fb-group-search,'facebook group caregivers aging parents support members site:facebook.com',,2026-08-01,2026-08-01
dementia-caregivers-support-group-facebook,Dementia Caregivers Support Group,community-facebook,Facebook,https://www.facebook.com/groups/672984902717938/,,"Reported ~9,000+ members for a similarly-named dementia caregiver FB group (exact match to this URL unconfirmed)",US (inferred),,Group admins,,research-needed,awareness,"Caregivers of dementia patients cite UTIs as a trigger for acute confusion episodes, making proactive bacterial-risk-reduction a relevant, non-salesy topic to introduce.",prospecting,P2,fb-group-search,'facebook group caregivers aging parents support members site:facebook.com'; member figure from optoceutics.com dementia caregiver support roundup (may reference a different same-named group),"Member count is low-confidence — sourced from a third-party roundup article, not confirmed against this specific group URL.",2026-08-01,2026-08-01
aarp-family-caregivers-discussion-group-facebook,AARP Family Caregivers Discussion Group,community-facebook,Facebook,https://www.facebook.com/groups/aarpfamilycaregivers/,aarpfamilycaregivers,"~15,000-25,000 members (reported range across AARP sources from 2019-2025)",US,"Amy Goyer (AARP Family & Caregiving Expert, group moderator)",Group moderator,,dm,awareness,"Large, well-established, AARP-run caregiver community with a named, reachable moderator (Amy Goyer) — strong institutional credibility if UraGuard can get even a mention in this space.",prospecting,P1,fb-group-search,'facebook group caregivers aging parents support members site:facebook.com'; AARP articles aarp.org/caregiving/basics/online-caregiver-support-groups/ and aarp.org/advocacy/caregiver-support-group-facebook/,"AARP is a large institution so approvals may be slow, but the named moderator gives a real contact path, unusual for this segment.",2026-08-01,2026-08-01
herspace-perimenopause-menopause-support-group-facebook,HerSpace perimenopause & menopause support group,community-facebook,Facebook,https://www.facebook.com/groups/herspaceperimenopauseandmenopausesupport/,herspaceperimenopauseandmenopausesupport,"Unknown for this specific group (a comparably-described menopause FB group was reported at 11,000+ members by ABC News)","US (HerSpace is a US-based company, herspace.life)",,Group admins,,research-needed,awareness,Menopause community run by a US wellness brand (HerSpace) with an existing content/coaching offer — plausible partner for co-branded UTI-prevention education given the audience's age/hormone profile.,prospecting,P2,fb-group-search,'facebook group menopause support women members site:facebook.com',The 11K-member figure is from an ABC News story about 'a private Facebook group' for menopause and is not confirmed to be this exact group — treat as unverified.,2026-08-01,2026-08-01
menopause-support-group-facebook,Menopause Support Group,community-facebook,Facebook,https://www.facebook.com/groups/439232282854798/,,"Unknown (a related Menopause Support Group Facebook Page has 18,089 likes, but this is the separate discussion Group)",US (inferred),,Group admins,,research-needed,awareness,"General menopause support group; UTI risk rises post-menopause due to declining estrogen, a natural tie-in for UraGuard's proactive prevention angle.",prospecting,P2,fb-group-search,'facebook group menopause support women members site:facebook.com',,2026-08-01,2026-08-01
chronic-uti-resources-us-based-facebook,Chronic UTI Resources - US Based,community-facebook,Facebook,https://www.facebook.com/groups/ChronicUTIResourcesUS/,ChronicUTIResourcesUS,"Unknown for this group specifically (a related global chronic-UTI group is reported at 22,000+ members)",US (explicitly named 'US Based'),,Group admins,,research-needed,awareness,Explicitly US-based recurrent/chronic UTI support group — as direct a match as exists for the 96% bacterial-reduction proof point.,prospecting,P0,fb-group-search,'facebook group recurrent UTI support women members site:facebook.com',,2026-08-01,2026-08-01
chronic-uti-women-s-support-group-facebook,Chronic UTI Women's Support Group,community-facebook,Facebook,https://www.facebook.com/groups/chronicutiwomenssupportgroup/,chronicutiwomenssupportgroup,"Unknown for this group (a 2023 Neurourology & Urodynamics study found UTI-related FB groups totaling 36,414 members across 9 groups)",US (inferred),,Group admins,,research-needed,awareness,"Women-only, UTI-specific support group — the exact intersection (women + recurrent UTI) UraGuard's core clinical claim targets.",prospecting,P0,fb-group-search,'facebook group recurrent UTI support women members site:facebook.com'; corroborated by PubMed 37705338 study on FB groups for benign urologic conditions,,2026-08-01,2026-08-01
interstitial-cystitis-association-ic-bps-support-group-facebook,Interstitial Cystitis Association IC/BPS Support Group,community-facebook,Facebook,https://www.facebook.com/groups/ICBPSGroup/,ICBPSGroup,"Unknown (parent org, Interstitial Cystitis Association, describes itself as serving 'millions affected by IC')","US (ICA is a US national nonprofit, Rockville MD)",,Group admins / ICA staff,,research-needed,awareness,"Run in connection with the Interstitial Cystitis Association, a credible US national nonprofit — IC/BPS patients are highly UTI-symptom-aware, a natural fit for UraGuard's prevention data, and ICA's ichelp.org lists a formal support-group/resources structure worth a partnership inquiry.",prospecting,P1,fb-group-search,'facebook group interstitial cystitis support members site:facebook.com'; ichelp.org/living-with-ic/support-community/ica-support-groups/,"Nonprofit affiliation means a more formal partnership/vetting process than an informal group, but also more credibility if secured.",2026-08-01,2026-08-01
prolapse-postpartum-mom-s-club-facebook,Prolapse Postpartum Mom's Club,community-facebook,Facebook,https://www.facebook.com/groups/839027953663574/,,Unknown,US (inferred),,Group admins,,research-needed,awareness,Postpartum pelvic-floor/prolapse group where members already discuss postnatal incontinence pads and infection risk — a tighter product fit than general new-parent groups.,prospecting,P1,fb-group-search,'facebook group postpartum recovery moms support members site:facebook.com',,2026-08-01,2026-08-01
life-without-leaks-podcast,Life Without Leaks,podcast,podcast,https://nafc.org/life-without-leaks-podcast/,,,US (National Association For Continence),Sarah Jenkins / Robin Sterne / Bruce Kassover (NAFC),host/producer,memberservices@nafc.org,email,awareness,"NAFC's own podcast is explicitly about incontinence management, and UraGuard's barrier liner + 96% bacterial reduction data is a direct product fit for a segment on proactive UTI risk reduction for their exact listener base.",prospecting,P0,websearch-serp,"""Life Without Leaks"" podcast National Association for Continence guest","NAFC explicitly states they're 'always looking for guests with interesting stories, insights, and perspectives.' Email confirmed via site fetch.",2026-08-01,2026-08-01
beyond-the-symptoms-an-expert-interview-series-by-luf-live-u-podcast,Beyond the Symptoms | An Expert Interview Series by LUF | Live UTI Free,podcast,podcast,https://podcast.liveutifree.com/,,,US,Melissa Kramer,"host / founder, Live UTI Free",,research-needed,awareness,"This show is dedicated entirely to chronic/recurrent UTI science and solutions — UraGuard's lab-tested 96% bacterial-concentration reduction liner is a direct, on-topic proactive-prevention story for a recurrent-UTI-focused audience.",prospecting,P0,websearch-serp,"""Beyond the Symptoms"" Live UTI Free podcast contact guest pitch",No public email found in search; contact via liveutifree.com or Instagram @liveutifree DM.,2026-08-01,2026-08-01
hello-hot-flash-conversations-about-menopause-women-s-health-podcast,"Hello, Hot Flash: Conversations about menopause, women's health and mindset for midlife women",podcast,podcast,https://www.hellohotflash.com/guest-application,,,US,Stephanie Shaw,host,HelloHotFlashPodcast@Gmail.com,email,awareness,"Top-3% ranked, evidence-driven menopause podcast for midlife women that runs a formal guest application for subject-matter experts — UraGuard's incontinence/UTI-risk angle fits the post-menopausal urogenital health topics the host actively covers.",prospecting,P0,websearch-serp,"""Hello Hot Flash"" podcast host contact guest menopause",Has a dedicated guest-application page/questionnaire at hellohotflash.com/guest-application.,2026-08-01,2026-08-01
fempower-health-a-women-s-health-podcast-podcast,Fempower Health | A Women's Health Podcast,podcast,podcast,https://www.fempower-health.com/,,,US,Georgie Kovacs,host / founder,info@fempower-health.com,email,awareness,"Fempower Health has already run episodes specifically on UTI prevention and bladder/pelvic-floor/menopause connections, making UraGuard's proactive barrier-liner story a natural fit for an existing content vertical on the show.",prospecting,P0,websearch-serp,women's health podcast incontinence urinary tract infection episode guest expert,Confirmed contact email and phone via site fetch; 150+ episodes with clinical experts.,2026-08-01,2026-08-01
answers-for-elders-radio-network-podcast,Answers For Elders Radio Network,podcast,podcast,https://podcasts.apple.com/us/podcast/answers-for-elders-radio-network/id1559608980,,,"Seattle, WA / national syndication",Suzanne Newman,"host / Founder & CEO, Answers for Elders",suzanne@answersforelders.com,email,awareness,Weekly show built around vetted professionals across 65+ eldercare categories including health and wellness for caregivers of aging loved ones — UraGuard's UTI-risk-reduction liner is directly relevant to the incontinence-care topics caregivers ask about.,prospecting,P1,websearch-serp,Answers for Elders podcast Suzanne Newman contact guest,Host is a family caregiver herself; show actively features 'vetted professionals' as guests weekly.,2026-08-01,2026-08-01
aging-in-style-with-lori-williams-podcast,Aging in Style with Lori Williams,podcast,podcast,https://www.loriwilliams-seniorservices.com/aging-in-style-podcast,,,"Flower Mound, TX",Lori Williams,host / Senior Services consultant,Lori@Loriwilliams-seniorservices.com,email,awareness,"200+ episode senior-care/caregiving show whose host explicitly solicits guest pitches by email, with past episodes on caregiving advocacy — a good venue to pitch UraGuard as a caregiver-facing UTI-prevention tool for aging loved ones.",prospecting,P1,websearch-serp,"""Aging in Style with Lori Williams"" podcast contact guest",Email explicitly offered for guest suggestions per site.,2026-08-01,2026-08-01
girl-problems-northeast-ohio-urogynecology-podcast,Girl Problems (Northeast Ohio Urogynecology),podcast,podcast,https://www.akronurogynecology.com/podcast-girl-problems,,,"Akron, OH","Dr. Mary South, MD",host / urogynecologist,,contact-form,awareness,"Hosted by a practicing urogynecologist covering pelvic health, incontinence and UTIs for a female patient audience — UraGuard's clinical/lab-tested bacterial-reduction data speaks directly to this show's clinical framing.",prospecting,P1,websearch-serp,"""Girl Problems"" podcast Northeast Ohio Urogynecology contact",Contact via practice contact form at akronurogynecology.com/contact-us; phone 234-742-4295.,2026-08-01,2026-08-01
itchy-and-bitchy-podcast,Itchy and Bitchy,podcast,podcast,https://podcasts.apple.com/us/podcast/itchy-and-bitchy/id1430037465,,,US,"Karen Nickell, NP",host / nurse practitioner,,research-needed,awareness,"Nurse-practitioner-hosted menopause/midlife show with a large, engaged female audience — a credible venue to introduce UraGuard's incontinence + UTI-risk-reduction liner as a midlife health topic co-host Karen Nickell could speak to clinically.",prospecting,P1,websearch-serp,itchyandbitchy.com Karen Nickell contact podcast guest,No public contact found in search; pursue via itchyandbitchy.com site form or podcast socials.,2026-08-01,2026-08-01
confessions-of-a-reluctant-caregiver-podcast,Confessions of a Reluctant Caregiver,podcast,podcast,https://www.confessionsofareluctantcaregiver.com/podcast,,,"Roanoke, VA",Natalie Elliott Handy & JJ Elliott Hill,co-hosts,info@sisterhoodofcare.com,email,awareness,"Sister-hosted caregiving podcast built around real family caregiving stories (their mother has Parkinson's) — incontinence and UTI prevention are recurring pain points for family caregivers, making UraGuard a natural guest topic.",prospecting,P1,websearch-serp,"""Confessions of a Reluctant Caregiver"" podcast host contact guest",Confirmed contact email via search result; part of Sisterhood of Care LLC.,2026-08-01,2026-08-01
menopause-reimagined-with-andrea-donsky-podcast,Menopause Reimagined with Andrea Donsky,podcast,podcast,https://podcasts.apple.com/us/podcast/menopause-reimagined-with-andrea-donsky/id1541865659,,,US/Canada,Andrea Donsky,"host / nutritionist, co-founder Morphus",,dm,awareness,"Feedspot's #1-ranked menopause podcast worldwide, hosted by a nutritionist who covers hormone and urogenital symptom management — a high-reach venue to position UraGuard within menopause-related bladder/UTI health content.",prospecting,P1,websearch-serp,"""Menopause Reimagined"" Andrea Donsky podcast contact guest",No public email found; contact via Instagram @andreadonsky or wearemorphus.com.,2026-08-01,2026-08-01
older-women-friends-stories-of-aging-well-podcast,Older Women & Friends: Stories of Aging Well,podcast,podcast,https://podcasts.apple.com/us/podcast/older-women-friends-stories-of-aging-well/id1655008259,,,"Evanston, IL",Jane Leder,host / author,,research-needed,awareness,"Biweekly interview show celebrating older women's resilience and health, with host on record saying she's always looking for interesting guests — fits a segment on proactive UTI-risk reduction and dignity in aging.",prospecting,P2,websearch-serp,"""Older Women & Friends"" podcast Jane Leder contact guest",Reach via janeleder.net or her LinkedIn/X (@janemleder).,2026-08-01,2026-08-01
girls-talk-healthy-aging-podcast,Girls Talk Healthy Aging,podcast,podcast,https://podcasts.apple.com/us/podcast/girls-talk-healthy-aging/id1700377806,,,US/Canada,Shawna Kaminski & Alli Kerr,co-hosts,,research-needed,awareness,"Fitness- and health-focused aging podcast for women that already covers menopause and midlife health topics — an opening to introduce UraGuard's incontinence and UTI-prevention angle to an active, health-engaged older-women audience.",prospecting,P2,websearch-serp,"""Girls Talk Healthy Aging"" podcast Shawna Kaminski Alli Kerr contact guest",No direct contact found; pursue via sites.libsyn.com/479175 or podcast socials.,2026-08-01,2026-08-01
perimenopause-wtf-podcast,Perimenopause WTF?,podcast,podcast,https://podcasts.apple.com/us/podcast/perimenopause-wtf/id1626536183,,,US,Rachel Hughes,host (Perry app),,research-needed,awareness,"Perry-backed perimenopause show that already features urologic/urogynecologic guests (e.g., Dr. Kelly Casperson) answering listener 'is this normal' questions — a fit for a UTI-risk-reduction segment aimed at perimenopausal listeners.",prospecting,P2,websearch-serp,"""Perimenopause WTF"" podcast host contact guest",Backed by the Perry community app; contact path likely via heyperry.com.,2026-08-01,2026-08-01
deliberate-aging-podcast,Deliberate Aging,podcast,podcast,https://deliberateaging.buzzsprout.com/,,,US,Dodie Georgiades,host,,dm,awareness,Host explicitly invites guest suggestions via Facebook for her monthly healthy-aging guest segment — a fit for a UraGuard episode on staying active and confident despite incontinence in midlife/older age.,prospecting,P2,websearch-serp,"""Deliberate Aging"" podcast host contact guest",Contact via Facebook page facebook.com/DeliberateAging; host solicits topic/guest suggestions there.,2026-08-01,2026-08-01
hit-play-not-pause-podcast,Hit Play Not Pause,podcast,podcast,https://podcasts.apple.com/us/podcast/hit-play-not-pause/id1533088916,,,US,Selene Yeager,host / exercise physiologist,,research-needed,awareness,"Popular show for active women in perimenopause/menopause; already ran an episode on nutrition-based menopause management with Andrea Donsky, showing openness to lifestyle/health guests relevant to a UraGuard UTI-prevention pitch.",prospecting,P2,websearch-serp,"""Hit Play Not Pause"" podcast menopause be a guest contact",No public contact found; pursue via podcast website/socials.,2026-08-01,2026-08-01
dr-streicher-s-inside-information-menopause-midlife-and-more-podcast,"Dr. Streicher's Inside Information: Menopause, Midlife, and More",podcast,podcast,https://podcast.feedspot.com/menopause_podcasts/,,,"Chicago, IL",Dr. Lauren Streicher,host / nationally recognized menopause expert,,research-needed,awareness,Clinically credible menopause show hosted by a nationally recognized OB-GYN who regularly brings on other medical experts — a high-trust venue to place UraGuard's lab-tested bacterial-reduction data with a clinician audience filter.,prospecting,P2,websearch-serp,best menopause podcasts 2025 2026 accepting guest pitches,Contact path not yet located; likely via Northwestern Medicine or podcast's own site — needs direct lookup.,2026-08-01,2026-08-01
speaking-of-women-s-health-mayo-clinic-affiliated-your-bladd-podcast,"Speaking of Women's Health (Mayo Clinic-affiliated) — ""Your Bladder Matters"" episode",podcast,podcast,https://speakingofwomenshealth.com/podcasts/bladder-urinary-issues-podcast,,,US,,editorial/podcast team,,contact-form,awareness,"Has already produced a dedicated episode on bladder and urinary issues for women, showing an established content lane where UraGuard's proactive UTI-risk-reduction liner would be directly on-topic.",prospecting,P2,websearch-serp,women's health podcast incontinence urinary tract infection episode guest expert,"Institutional show; longer outreach cycle likely, contact via site contact form.",2026-08-01,2026-08-01
aging-forward-mayo-clinic-press-podcast,Aging Forward (Mayo Clinic Press),podcast,podcast,https://mcpress.mayoclinic.org/healthy-aging/ageless-aging-increasing-womens-healthspan-brainspan-and-lifespan/,,,US (Mayo Clinic Press),,editorial/podcast team,,research-needed,awareness,"Mayo Clinic-backed show on the science of healthy aging and longevity, including women's healthspan — a big-institution placement that would lend strong third-party credibility to UraGuard's lab-tested claims if secured.",prospecting,P3,websearch-serp,"healthy aging podcast host US ""guest"" pitch elderly women",Large institutional outlet; expect long editorial cycle and strict vetting — deprioritize vs independent hosts.,2026-08-01,2026-08-01
the-ensign-group-nursinghome,The Ensign Group,b2b-nursinghome,web,https://investor.ensigngroup.net,,,"San Juan Capistrano, CA",Investor Relations / Corporate Office,Corporate HQ,ir@ensigngroup.net,research-needed,b2b,Ensign operates 347 skilled nursing/senior living centers across 17 states; a corporate-level pilot of UraGuard's antibacterial barrier liner across even a handful of facilities could demonstrate UTI-reduction ROI at scale and reduce hospital transfer costs tied to UTIs.,prospecting,P3,directory,WebSearch: Ensign Group corporate contact procurement vendor skilled nursing facilities,"Large public chain (Nasdaq: ENSG), 347 operations across 17 states; phone (949) 487-9500; long procurement cycle, no direct vendor contact found.",2026-08-01,2026-08-01
pruitthealth-nursinghome,PruittHealth,b2b-nursinghome,web,https://www.pruitthealth.com/our-company,,,"Norcross, GA","Robert Strang, Chief Administrative Officer",Corporate leadership,,research-needed,b2b,PruittHealth is a large Southeast SNF chain actively hiring Directors of Nursing; UraGuard's liner directly supports DON-level UTI-prevention and skin-integrity KPIs that PruittHealth tracks for quality star ratings.,prospecting,P3,directory,WebSearch: PruittHealth corporate contact procurement director of nursing,"Corporate HQ 1626 Jeurgens Ct, Norcross, GA 30093; email format FLast@pruitthealth.com per third-party sources (unverified directly), so leaving contact_email blank.",2026-08-01,2026-08-01
genesis-healthcare-nursinghome,Genesis HealthCare,b2b-nursinghome,web,https://www.genesishcc.com/contact/,,,"Kennett Square, PA",Corporate Contact,Corporate HQ,info@genesishcc.com,contact-form,b2b,Genesis runs nearly 200 skilled nursing centers in 17 states and has a public contact channel; UraGuard's 96% bacterial-reduction liner is a low-cost add-on to existing incontinence care protocols that could differentiate their quality metrics.,prospecting,P1,directory,WebSearch: Genesis Healthcare skilled nursing facilities corporate contact procurement,Has a live contact form and general info@ email confirmed on genesishcc.com/contact/.,2026-08-01,2026-08-01
life-care-centers-of-america-nursinghome,Life Care Centers of America,b2b-nursinghome,web,https://lcca.com/about/contractors-and-agents,,,"Cleveland, TN",Corporate Contact,Corporate HQ,,contact-form,b2b,"Life Care Centers has a dedicated vendors/contractors page, making UraGuard's vendor pitch (barrier liner for its skilled nursing residents) easy to route into their formal supplier intake process.",prospecting,P1,directory,WebSearch: Life Care Centers of America corporate office contact procurement,Has both /about/contact and /about/contractors-and-agents pages; toll-free (800) 554-9585.,2026-08-01,2026-08-01
national-healthcare-corporation-nhc-nursinghome,National HealthCare Corporation (NHC),b2b-nursinghome,web,https://nhccare.com/about-us/,,,"Murfreesboro, TN",Investor Relations,Corporate HQ,investorrelations@nhccare.com,research-needed,b2b,NHC operates 80 skilled nursing centers plus hospice/homecare agencies; UraGuard's UTI-risk-reduction liner fits directly into their continuum-of-care model for elderly incontinence management.,prospecting,P2,directory,WebSearch: American Health Partners OR National HealthCare Corporation NHC nursing homes corporate contact,"Publicly traded (NYSE-American: NHC); email found is investor relations, not procurement — leave contact_email blank per rules since it's not a decision-maker channel; using research-needed.",2026-08-01,2026-08-01
diversicare-healthcare-services-nursinghome,Diversicare Healthcare Services,b2b-nursinghome,web,https://www.dvcr.com,,,"Brentwood, TN",Corporate Office,Corporate HQ,,research-needed,b2b,"Diversicare operates 49 post-acute/skilled nursing centers across ten states and is actively expanding via acquisition, a good moment to introduce a differentiated UTI-prevention product line-wide.",prospecting,P3,directory,WebSearch: Diversicare Healthcare Services nursing homes corporate contact procurement,"Public company (DVCR); no specific procurement contact surfaced, phone partially masked in source data so omitted.",2026-08-01,2026-08-01
trilogy-health-services-nursinghome,Trilogy Health Services,b2b-nursinghome,web,https://trilogyhs.com/contact-us/,,,"Louisville, KY",Corporate Contact,Corporate HQ,contactus@trilogyhs.com,contact-form,b2b,"Trilogy runs senior living and skilled nursing communities across KY, IN, OH, and MI with a live contact-us page and email, making a direct pilot-program pitch for UraGuard's barrier liner straightforward to route.",prospecting,P1,directory,WebSearch: Trilogy Health Services nursing homes corporate contact vendor,Confirmed live contact-us page with published email contactus@trilogyhs.com and phone (502) 412-5847.,2026-08-01,2026-08-01
signature-healthcare-nursinghome,Signature HealthCARE,b2b-nursinghome,web,https://signature-healthcare.org/contact/,,,"Louisville, KY",Corporate Contact,Corporate HQ,,contact-form,b2b,"Signature HealthCARE, a 17,000-employee nursing home network, has a public contact page; UraGuard's proactive UTI-risk-reduction liner aligns with their stated quality-of-life/resident wellness mission.",prospecting,P2,directory,WebSearch: Signature Healthcare nursing homes corporate contact procurement,Contact page confirmed at signature-healthcare.org/contact/; main phone 508-941-7000.,2026-08-01,2026-08-01
american-senior-communities-nursinghome,American Senior Communities,b2b-nursinghome,web,https://www.asccare.com/contact-us/,,,"Indianapolis, IN",Corporate Contact,Corporate HQ,info@asccare.com,email,b2b,ASC operates 100+ skilled nursing and senior living locations across Indiana with a published general email; a regional pilot of the UraGuard liner could be positioned as a differentiator versus other Indiana operators.,prospecting,P1,directory,WebSearch: American Senior Communities Indiana nursing homes corporate contact,Verified email info@asccare.com and dedicated contact-us page.,2026-08-01,2026-08-01
aperion-care-nursinghome,Aperion Care,b2b-nursinghome,web,https://aperioncare.com/locations/,,,"Lincolnwood, IL","Lisa Ulbert, CEO",CEO,,research-needed,b2b,Aperion Care operates numerous skilled nursing/rehab facilities across Illinois; a corporate-level demo of the barrier liner's 96% bacterial-reduction data could be pitched directly to leadership for a multi-site trial.,prospecting,P3,directory,WebSearch: Aperion Care OR Symphony Care Network nursing homes Illinois corporate contact,Corporate phone +1-888-415-6777; no direct procurement contact found.,2026-08-01,2026-08-01
sava-senior-care-nursinghome,Sava Senior Care,b2b-nursinghome,web,https://savaseniorcare.com/contact-us.html,,,"Sandy Springs, GA",Corporate Contact,Corporate HQ,,contact-form,b2b,"SavaSeniorCare operates skilled nursing facilities across 23 states and has a live vendor-facing contact page, a natural entry point to propose UraGuard's liner for their incontinence care programs.",prospecting,P1,directory,WebSearch: Sava Senior Care nursing homes corporate contact,Confirmed live contact-us.html page; phone 800-929-4762.,2026-08-01,2026-08-01
avamere-health-services-nursinghome,Avamere Health Services,b2b-nursinghome,web,https://www.avamere.com/contact/,,,"Wilsonville, OR",Communications Team,Corporate Communications,communications@avamere.com,email,b2b,"Avamere operates numerous skilled nursing and rehab centers across Oregon, Washington, Idaho and California; their published communications email is a workable entry point to pitch UraGuard for a regional facility trial.",prospecting,P2,directory,WebSearch: Avamere Health Services nursing homes Oregon corporate contact,Verified communications@avamere.com and press@avamere.com on avamere.com/contact/.,2026-08-01,2026-08-01
communicare-health-services-nursinghome,CommuniCare Health Services,b2b-nursinghome,web,https://communicarehealth.com/contact-us/,,,"Blue Ash / Cincinnati, OH",Corporate Contact,Corporate HQ,,contact-form,b2b,"CommuniCare is one of the nation's largest post-acute providers with 19,000+ employees across six states and a live contact-us page, positioning UraGuard's liner as a differentiator for their skilled nursing and long-term care residents.",prospecting,P1,directory,WebSearch: CommuniCare Health Services nursing homes corporate contact Ohio,Confirmed live contact-us page; phone (513) 489-7100.,2026-08-01,2026-08-01
cascadia-healthcare-nursinghome,Cascadia Healthcare,b2b-nursinghome,web,https://www.cascadiahc.com/contact-us/,,,"Eagle, ID","Haden Nash, CEO",CEO,info@cascadiahc.com,email,b2b,"Cascadia Healthcare is a growing regional Idaho-based skilled nursing operator with a published general email and CEO named publicly, making a direct pilot-partnership pitch for UraGuard's barrier liner feasible.",prospecting,P1,directory,WebSearch: Cascadia Healthcare nursing homes corporate contact Idaho,Verified info@cascadiahc.com and live contact-us page at cascadiahc.com.,2026-08-01,2026-08-01
marquis-companies-nursinghome,Marquis Companies,b2b-nursinghome,web,https://www.marquiscompanies.com/about-marquis/,,,"Milwaukie, OR",Corporate Contact,Corporate HQ,,research-needed,b2b,"Marquis owns and operates 22 skilled nursing, assisted living and independent living campuses across Oregon, California and Nevada; a regional pilot of UraGuard's liner fits their multi-site post-acute care model.",prospecting,P2,directory,WebSearch: Marquis Companies OR Golden LivingCenters OR Covenant Care nursing homes corporate contact,Corporate phone (503) 266-6328; sister entity Marquis Health Consulting Services has a contact page at mqshealth.com/contact/ for related facilities on the East Coast.,2026-08-01,2026-08-01
promedica-senior-care-formerly-hcr-manorcare-nursinghome,ProMedica Senior Care (formerly HCR ManorCare),b2b-nursinghome,web,https://en.wikipedia.org/wiki/ProMedica_Senior_Care,,,"Toledo, OH",Corporate Office,Corporate HQ,,research-needed,b2b,ProMedica Senior Care operates a large national network of skilled nursing and rehabilitation centers formerly under HCR ManorCare; a not-for-profit health system backing could make them receptive to clinical UTI-reduction data for a pilot.,prospecting,P3,directory,WebSearch: Extendicare OR HCR ManorCare ProMedica Senior Care nursing homes corporate contact,Main phone (419) 824-8400; no dedicated procurement/vendor contact surfaced in search.,2026-08-01,2026-08-01
american-senior-communities-assistedliving,American Senior Communities,b2b-assistedliving,email,https://www.asccare.com/vendors/,,78 communities,"Indianapolis, IN",,Vendor/Procurement Inquiries,info@ASCCare.com,email,b2b,ASC explicitly invites vendor quotes via email and manages 78 Indiana communities with residents needing incontinence care — UraGuard's 96% bacterial-reduction liner is a low-friction add to their existing supply chain.,prospecting,P0,directory,WebSearch: American Senior Communities vendor bid info@asccare.com,"Vendor page states: reply to info@ASCCare.com with contact info and goods/services sold. Vendor Code of Conduct applies (incl. HIPAA, Elder Justice Act).",2026-08-01,2026-08-01
sunrise-senior-living-assistedliving,Sunrise Senior Living,b2b-assistedliving,web-form,https://www.sunriseseniorliving.com/about/vendors,,225 communities,"McLean, VA",,Vendor Partnerships (Purchasing),,contact-form,b2b,Sunrise operates 200+ memory-care/assisted-living communities nationwide; positioning UraGuard as a proactive UTI-risk-reduction product aligns with their emphasis on resident health outcomes for the vendor evaluation process they run when opportunities arise.,prospecting,P2,directory,WebSearch: Sunrise Senior Living memory care partnerships vendor contact,"Site states they are 'currently contracted for all products/services' but 'may reach out to vendors directly when an opportunity arises' — long-cycle, form-based only.",2026-08-01,2026-08-01
atria-senior-living-assistedliving,Atria Senior Living,b2b-assistedliving,web-form,https://www.atriaseniorliving.com/contact-us,,Large national operator,"Louisville, KY",,Corporate Contact / Community Management,,contact-form,b2b,"Atria markets itself as a thought leader on 'aging well' and sponsors ICAA's active-aging campaign, making a science-backed UTI-prevention product a natural fit for their wellness partnership roster.",prospecting,P2,directory,WebSearch: Atria Senior Living contact corporate partnerships,Has a dedicated 'Research and Partnerships' page for family/health topics; general contact form only for vendor inquiries found.,2026-08-01,2026-08-01
five-star-senior-living-assistedliving,Five Star Senior Living,b2b-assistedliving,web,https://www.fivestarseniorliving.com/,,Multiple communities incl. memory care,Multiple US locations,,Community-level Care Contact,,research-needed,b2b,"Multiple Five Star communities explicitly list 'Incontinence Care' as a named service line, meaning care staff are already trained on the exact use case UraGuard's liner addresses.",prospecting,P1,directory,WebSearch: Five Star Senior Living memory care incontinence care contact,Confirmed community example: Five Star Premier Residences of Reno lists Memory Care + Incontinence Care as services. No corporate vendor email found; need per-community outreach.,2026-08-01,2026-08-01
belmont-village-senior-living-assistedliving,Belmont Village Senior Living,b2b-assistedliving,phone,https://www.belmontvillage.com/information-request/,,"Luxury assisted living, national","Houston, TX",,Corporate HQ,,contact-form,b2b,"Belmont Village positions itself on clinical rigor and recent university/health-tech partnerships (UC San Diego, AugustHealth), suggesting openness to an evidence-based (lab-tested 96% bacterial reduction) product pitch.",prospecting,P2,directory,WebSearch: Belmont Village Senior Living purchasing vendor partnerships contact,Main line (713) 463-1700; no dedicated vendor contact found.,2026-08-01,2026-08-01
sonida-senior-living-assistedliving,Sonida Senior Living,b2b-assistedliving,web,https://investors.sonidaseniorliving.com/overview/default.aspx,,"165 communities / 16,400+ units","Dallas, TX","Tabitha Bailey (SVP, Chief Legal Officer)",Chief Legal Officer / Corporate,,research-needed,b2b,"Sonida manages 165 senior housing communities across 35 states with a significant assisted-living and memory-care base, giving UraGuard a large distribution footprint if a corporate supply agreement is reached.",prospecting,P3,directory,WebSearch: Sonida Senior Living vendor partnerships procurement contact,"No dedicated vendor/procurement contact surfaced; public company, likely long enterprise sales cycle.",2026-08-01,2026-08-01
silverado-silverado-senior-living-memorycare,Silverado (Silverado Senior Living),b2b-memorycare,phone,https://www.silverado.com/contact/,,28 communities,"Irvine, CA",,Home Office / Vendor Inquiries,,contact-form,b2b,"Silverado is a pure-play memory-care operator (28 communities) whose residents skew toward high incontinence-care needs, making UraGuard's antibacterial liner directly relevant to their core clinical program.",prospecting,P1,directory,WebSearch: Silverado memory care partnerships contact vendor,Contact page explicitly states to call Home Office directly for vendor inquiries.,2026-08-01,2026-08-01
watermark-retirement-communities-assistedliving,Watermark Retirement Communities,b2b-assistedliving,web,https://www.watermarkcommunities.com/resources/contact-us/,,70+ communities,"Plano, TX (formerly Tucson, AZ)",,Vendor / Service Provider Contact,,contact-form,b2b,"Watermark explicitly maintains vendor/service-provider resources and touts university research partnerships, signaling an open door for a clinically-backed incontinence-care product pitch.",prospecting,P1,directory,WebSearch: Watermark Retirement Communities vendor partnerships contact,Community-level 'Contact Us' pages state vendors/service providers 'make a difference' and have helpful documents; corporate contact (520) 797-4000.,2026-08-01,2026-08-01
discovery-senior-living-discovery-management-group-assistedliving,Discovery Senior Living / Discovery Management Group,b2b-assistedliving,email,https://discoveryseniorliving.com/contact-discovery-senior-living/,,300+ communities nationally,"Bonita Springs, FL",,Business Development,info@discoverymanagementgroup.com,email,b2b,"Discovery operates one of the largest senior living portfolios in the US and has a stated email channel for 'vendor-related or other strategic business opportunities,' giving UraGuard a direct enterprise entry point.",prospecting,P0,directory,WebSearch: Discovery Senior Living vendor procurement contact,Confirmed contact email for strategic/vendor business opportunities.,2026-08-01,2026-08-01
morningstar-senior-living-memorycare,MorningStar Senior Living,b2b-memorycare,phone,https://www.morningstarseniorliving.com/memory-care/,,Multi-state operator,"Denver, CO",,Corporate / Senior Management,,research-needed,b2b,"MorningStar has a track record of adopting evidence-based memory-care technology partnerships (e.g., SafelyYou fall detection), suggesting receptiveness to a lab-tested incontinence-liner pitch for its memory-care neighborhoods.",prospecting,P2,directory,WebSearch: MorningStar Senior Living memory care contact vendor partnerships,Corporate phone (303) 750-5522; no vendor-specific contact found.,2026-08-01,2026-08-01
enlivant-assistedliving,Enlivant,b2b-assistedliving,phone,https://www.ltcnews.com/care/listing/828,,"210+ centers, 20 states","Chicago, IL",Dan Guill (CEO),Corporate HQ,,research-needed,b2b,"Enlivant runs 210+ smaller-format assisted living centers across 20 states and already contracts third-party care-supply vendors, making it a plausible fit for incontinence-liner distribution.",prospecting,P3,directory,WebSearch: Enlivant assisted living vendor contact partnerships,HQ phone +1 312 725 7000; no vendor portal or partnerships page found.,2026-08-01,2026-08-01
storypoint-group-memorycare,StoryPoint Group,b2b-memorycare,phone,https://www.storypoint.com/contact/,,"178 locations, 6,000+ residents","Brighton, MI",,General Inquiries,,research-needed,b2b,"StoryPoint was named a Top Memory Care Provider in 2024 and runs licensed memory-care neighborhoods across 9 states — a scaled, quality-focused buyer for an antibacterial incontinence liner.",prospecting,P2,directory,WebSearch: StoryPoint Group senior living memory care vendor partnerships contact,General inquiry line 1-844-275-9990; no dedicated vendor page found.,2026-08-01,2026-08-01
koelsch-communities-memorycare,Koelsch Communities,b2b-memorycare,phone,https://koelschseniorcommunities.com/about/contact-home-office/,,Multi-state operator,"Olympia, WA",,Home Office,,contact-form,b2b,"Koelsch markets 'Distinctive Memory Care' as a core specialty since 1958, making an incontinence-focused product with UTI-risk-reduction data a relevant clinical differentiator for their dementia-care programming.",prospecting,P2,directory,WebSearch: Koelsch Senior Communities memory care vendor contact,Home office phone (360) 867-1900; dedicated 'Contact Home Office' page.,2026-08-01,2026-08-01
charter-senior-living-memorycare,Charter Senior Living,b2b-memorycare,phone,https://www.charterseniorliving.com/about/our-team/,,72 communities nationwide,"Multi-state (Lisle, IL area)",,Corporate / Flourish Memory Care Program,,research-needed,b2b,"Charter's signature 'Flourish Memory Care' program already integrates outside health-tech partners (LifeLoop, Accushield), showing an active pattern of adopting vetted third-party products into its dementia-care protocol.",prospecting,P1,directory,WebSearch: Charter Senior Living memory care vendor partnerships contact,"Phone (331) 472-2078; no vendor-specific contact found, but clear precedent of partnership announcements.",2026-08-01,2026-08-01
harborchase-senior-living-assistedliving,HarborChase Senior Living,b2b-assistedliving,web,https://www.harborchase.com/contact-us/,,Multi-community luxury brand,"Tampa, FL (Discovery-affiliated brand)",,General Contact,,contact-form,b2b,HarborChase brands itself around 'unmatched hospitality' and elevated resident experience — an antibacterial liner that reduces UTI risk and odor is a tangible quality-of-life upgrade fitting their positioning.,prospecting,P3,directory,WebSearch: HarborChase Senior Living vendor partnerships contact,No vendor-specific contact; general contact-us form only.,2026-08-01,2026-08-01
incite-strategic-partners-senior-living-gpo-aligned-with-ahc-assistedliving,"Incite Strategic Partners (Senior Living GPO, aligned with AHCA/NCAL)",b2b-assistedliving,web,https://incitesp.com/,,AHCA/NCAL member network,US (national GPO),,Group Purchasing Organization,,contact-form,b2b,Incite is a GPO aligned with AHCA/NCAL that negotiates supply contracts across thousands of senior living and assisted-living members — landing UraGuard on their contract would open bulk-distribution access to hundreds of operators at once.,prospecting,P1,directory,WebSearch: group purchasing organization senior living incontinence products GPO,"GPO channel, not a single operator; higher leverage but longer/formal vendor-qualification cycle.",2026-08-01,2026-08-01
innovatix-senior-living-gpo-assistedliving,Innovatix Senior Living (GPO),b2b-assistedliving,web,https://www.innovatix.com/senior-living/,,National senior living GPO network,US (national GPO),,Group Purchasing Organization,,contact-form,b2b,"Innovatix's senior-living GPO catalog already lists incontinence products as a core category, making it a natural distribution channel to add UraGuard's liner for member facilities nationwide.",prospecting,P2,directory,WebSearch: assisted living incontinence supply vendor become a vendor senior living communities,Confirmed incontinence products already listed in their category offering.,2026-08-01,2026-08-01
vitas-healthcare-vitas-community-connection-hospice,VITAS Healthcare (VITAS Community Connection),b2b-hospice,web,https://vitascommunityconnection.org/,,,"Miami, FL (national, largest US hospice provider)",,Community Connections Team,communityconnections@vitas.com,email,b2b,VITAS is the largest US hospice provider serving hundreds of thousands of incontinent patients annually; VITAS Community Connection already runs a donation/partnership channel that could pilot UraGuard's antibacterial liner as a UTI-risk-reduction add-on for home-care patients.,prospecting,P1,directory,WebSearch: VITAS Healthcare hospice partnership donations contact,Corporate donation contact confirmed via vitas.com help center; also has a separate hospice-program partnership line (973.422.5325) for agencies wanting to join VITAS.,2026-08-01,2026-08-01
national-hospice-and-palliative-care-organization-nhpco-hospice,National Hospice and Palliative Care Organization (NHPCO),b2b-hospice,web,https://www.nhpco.org/,,,"Alexandria, VA (national)",,Member Organization / Trade Association,,contact-form,b2b,"As the largest hospice/palliative-care membership association, NHPCO could feature UraGuard's UTI-risk-reduction liner in member education/product resources reaching thousands of member hospice agencies.",prospecting,P2,directory,WebSearch: National Hospice and Palliative Care Organization NHPCO member directory,Office phone 703-647-6687; member directory is gated behind my.nhpco.org portal.,2026-08-01,2026-08-01
gentiva-hospice-formerly-kindred-hospice-hospice,Gentiva Hospice (formerly Kindred Hospice),b2b-hospice,web,https://www.gentivahs.com/about/contact-us/,,,"Atlanta, GA / Mooresville, NC (national)",,National hospice provider,,contact-form,b2b,Gentiva is one of the largest national hospice chains managing high-volume incontinence care; a barrier liner reducing bacterial load could reduce UTI-related hospitalizations across their patient population.,prospecting,P2,directory,WebSearch: Gentiva Hospice (formerly Kindred) corporate partnerships contact,Corporate office (704) 664-2876; dedicated Contact Us page confirmed live.,2026-08-01,2026-08-01
amedisys-hospice-hospice,Amedisys Hospice,b2b-hospice,web,https://www.amedisys.com/services/hospice-care/,,,"Baton Rouge, LA (national)",,National hospice provider,,research-needed,b2b,"Amedisys runs specialty programs for dementia and heart-failure hospice patients, both high-incontinence populations, making them a fit for a UTI-risk-reduction liner add-on to standard supply kits.",prospecting,P3,directory,WebSearch: Amedisys Hospice caregiver resources partnership,No specific partnership/donation contact page surfaced; would need direct outreach research.,2026-08-01,2026-08-01
compassus-compassus-living-foundation-hospice,Compassus (Compassus Living Foundation),b2b-hospice,web,https://www.compassus.com/about-us/giving-and-donations/,,,"Brentwood, TN (national, 30+ states)",,National hospice provider / affiliated foundation,,contact-form,b2b,Compassus operates a large multi-state hospice network with an active giving/donations channel that could pilot UraGuard liners as a patient-comfort and UTI-prevention donation item.,prospecting,P2,directory,WebSearch: Compassus hospice giving donations contact page,Donation phone line 833.380.9583; also has general Contact page at compassus.com/contact-us/.,2026-08-01,2026-08-01
hospice-care-plus-hospice,Hospice Care Plus,b2b-hospice,web,https://hospicecareplus.org/ways-to-give/,,,"Richmond, KY (regional, central KY)",,"Nonprofit hospice, Development Office",development@hospicecp.org,email,b2b,"Hospice Care Plus maintains an active donor/Amazon wish list model for material patient needs, making them an open door for gifted/sample UraGuard liners as an in-kind donation for un/under-insured patients.",prospecting,P0,directory,"WebSearch: ""hospice"" nonprofit ""caregiver support"" newsletter donate supplies contact us",Confirmed email and phone (859-986-1500 / 1-800-806-5492); explicitly solicits material/supply donations.,2026-08-01,2026-08-01
mission-hospice-home-care-hospice,Mission Hospice & Home Care,b2b-hospice,web,https://www.missionhospice.org/donate/ways-to-give/,,,"San Mateo, CA (regional, San Mateo/Santa Clara County)",Marsha Eddleman,Development Director,meddleman@missionhospice.org,email,b2b,Mission Hospice runs a monthly caregiver newsletter and active donor program; UraGuard's UTI-risk-reduction liner is a natural fit for a caregiver-education feature or in-kind donation pitch to Development Director Marsha Eddleman.,prospecting,P0,directory,WebSearch: Mission Hospice Home Care San Mateo contact donate,"Named contact and phone (650-554-1000) confirmed via search summary; email inferred from standard org pattern -- verify before sending, otherwise reach via missionhospice.org/donate/ contact form.",2026-08-01,2026-08-01
agrace-hospice-care-hospice,Agrace Hospice Care,b2b-hospice,web,https://www.agrace.org/find-care/caregiver-education/durable-medical-equipment-recycling/,,,"Madison / Janesville, WI (regional)",,"Nonprofit hospice, Caregiver Education / Supply Donations",,research-needed,b2b,"Agrace already runs a caregiver-education incontinence/toileting resource hub and accepts unopened incontinence supply donations, making them a warm, open-door target for a UraGuard liner sample pipeline.",prospecting,P0,directory,WebSearch: Agrace Hospice Wisconsin donate incontinence supplies contact,"Madison office (608) 276-4660, Janesville (608) 755-1871; has a dedicated Toileting and Incontinence caregiver-education page (agrace.org/find-care/caregiver-education/toileting-and-incontinence/).",2026-08-01,2026-08-01
ohio-s-hospice-hospice,Ohio's Hospice,b2b-hospice,web,https://www.ohioshospice.org/medical-donations/,,,"Dayton, OH (regional, multi-site Ohio network)",,"Nonprofit hospice network, Medical Donations",,research-needed,b2b,"Ohio's Hospice maintains a dedicated medical-donations resource page for families with unused supplies, indicating an existing supply-donation workflow UraGuard could plug into for patient trial kits.",prospecting,P1,directory,WebSearch: Ohio's Hospice medical donations contact,"HQ at 7575 Paragon Road, Dayton OH 45459; page explicitly addresses incontinence-supply donation policy.",2026-08-01,2026-08-01
transitions-lifecare-hospice,Transitions LifeCare,b2b-hospice,web,https://www.transitionslifecare.org/donate/learn-more/,,,"Raleigh, NC (regional, 10 counties central/eastern NC)",,Nonprofit hospice (formerly Hospice of Wake County),,research-needed,b2b,Transitions LifeCare is a long-established regional nonprofit hospice with an active donor program; positioning UraGuard's liner as a dignity/UTI-prevention item for home hospice patients fits their donor-funded uncovered-services model.,prospecting,P1,directory,WebSearch: Transitions LifeCare North Carolina donate contact,"Donation phone 919.828.0890; mailing address 250 Hospice Circle, Raleigh, NC 27607.",2026-08-01,2026-08-01
coastal-home-health-hospice-hospice,Coastal Home Health & Hospice,b2b-hospice,web,https://www.coastalhhh.org/contact-us,,,"Brookings, OR (regional)",,Hospice provider,info@coastalhhh.org,email,b2b,"Coastal Home Health & Hospice publishes its own blog content specifically on managing incontinence for home hospice caregivers, showing direct topical alignment for a co-branded UraGuard education/sample pitch.",prospecting,P0,directory,WebSearch: Coastal Home Health Hospice contact incontinence,Confirmed email info@coastalhhh.org and phone (541) 469-0405; has two blog posts specifically on hospice incontinence management.,2026-08-01,2026-08-01
hospice-of-the-chesapeake-foundation-hospice,Hospice of the Chesapeake Foundation,b2b-hospice,web,https://www.hospicechesapeake.org/giving/donate-now/,,,"Pasadena, MD (regional, expanded via Partners in Care acquisition)",Shauna Chabot,Chief Advancement Officer,schabot@hospicechesapeake.org,email,b2b,"Hospice of the Chesapeake recently expanded via the Partners in Care merger into a larger regional entity with an active fundraising/advancement office, giving a real contact path to pitch UraGuard as a funded patient-comfort/UTI-prevention initiative.",prospecting,P1,directory,WebSearch: Hospice of the Chesapeake contact partnership donation,Named contact and direct line (443) 837-1503 confirmed via search summary; email address as reported -- verify spelling before sending.,2026-08-01,2026-08-01
hospice-of-northwest-ohio-hospice,Hospice of Northwest Ohio,b2b-hospice,web,https://www.hospicenwo.org/giving/memorial-and-annual-gifts/,,,"Toledo, OH area (regional)",,Nonprofit regional hospice,,research-needed,b2b,Hospice of Northwest Ohio runs an active annual-giving program that could be a channel to fund/pilot UraGuard liners for regional home hospice patients.,prospecting,P2,directory,WebSearch: Ohio's Hospice medical donations contact,Distinct organization from Ohio's Hospice (Dayton); surfaced in same search cluster.,2026-08-01,2026-08-01
hospice-of-southwest-ohio-hospice,Hospice of Southwest Ohio,b2b-hospice,web,https://hswo.org/donate/,,,Southwest Ohio (regional),,Nonprofit regional hospice,,research-needed,b2b,"A regional nonprofit hospice with an active donation page, worth pitching for an in-kind UraGuard liner donation to patients managing incontinence at end of life.",prospecting,P2,directory,WebSearch: Ohio's Hospice medical donations contact,URL hswo.org/donate/ confirmed live in search results; needs direct contact-page follow-up.,2026-08-01,2026-08-01
community-hospice-palliative-care-northeast-florida-hospice,Community Hospice & Palliative Care (Northeast Florida),b2b-hospice,web,https://www.communityhospice.com/info-for/caregivers,,,"Jacksonville, FL (regional, 16 NE/N-Central FL counties)",,"Large nonprofit hospice, Caregiver Support",,research-needed,b2b,"Serving ~1,500 patients/day across 16 Florida counties with a dedicated caregiver-support portal, Community Hospice & Palliative Care is a high-volume regional target for a caregiver-facing UraGuard resource placement.",prospecting,P2,directory,WebSearch: Community Hospice Palliative Care Florida donate contact partnerships,General info line 866.253.6681 (from earlier search); large scale (950+ employees) but no direct donation-contact person surfaced.,2026-08-01,2026-08-01
santa-clara-valley-hospice-hospice,Santa Clara Valley Hospice,b2b-hospice,web,https://santaclaravalleyhospice.org/donations/,,,"Santa Clara County, CA (regional)",,"Nonprofit hospice, Donations",,contact-form,b2b,"Santa Clara Valley Hospice maintains an active donations page for supplies and equipment, offering a concrete channel to propose an in-kind UraGuard liner trial for local hospice patients.",prospecting,P1,directory,"WebSearch: nonprofit hospice organization ""incontinence supplies"" donation program",URL confirmed live in search results; no named contact surfaced yet.,2026-08-01,2026-08-01
ohio-valley-hospice-hospice,Ohio Valley Hospice,b2b-hospice,web,https://ohiovalleyhospice.com/donate/,,,Ohio Valley region (OH/WV border area),,"Regional hospice, Donations",,research-needed,b2b,"A regional hospice provider with an active donate page, worth a research-needed outreach to explore an in-kind supply donation of UraGuard liners.",prospecting,P3,directory,WebSearch: Ohio's Hospice medical donations contact,"URL confirmed live; smaller regional org, limited additional detail surfaced.",2026-08-01,2026-08-01
hospice-friends-kittitas-county-hospice,Hospice Friends (Kittitas County),b2b-hospice,web,https://www.idealist.org/en/nonprofit/e8d6dac25fcb4aa3a0c4d2afe40ae6e2-hospice-friends-ellensburg,,,"Ellensburg / Kittitas County, WA (local/regional)",,"Small nonprofit, provides incontinence supplies to community families",,research-needed,b2b,"Hospice Friends' entire mission is providing incontinence and nutritional supplies to families facing life-threatening illness, making a free-sample UraGuard liner donation directly on-mission.",prospecting,P1,directory,"WebSearch: nonprofit hospice organization ""incontinence supplies"" donation program","Small local charity since 1983 explicitly distributing incontinence supplies; listing found via Idealist nonprofit profile, direct site not yet located.",2026-08-01,2026-08-01
home-instead-corporate-homehealth,Home Instead (Corporate),b2b-homehealth,web,https://www.homeinstead.com/care-resources/health-conditions/seven-tips-reduce-stress-incontinence-caregiving/,,,"Omaha, NE (HQ), national franchise network",,Corporate / Content team,,research-needed,b2b,"Home Instead already publishes caregiver guidance on incontinence stress management, making UraGuard's antibacterial liner a natural product recommendation/resource addition for their 1,200+ franchise caregivers managing incontinent clients.",prospecting,P1,directory,"WebSearch: ""Home Instead"" local franchise blog ""incontinence"" caregiver tips",World's largest senior care franchise network; corporate content/resources team is the entry point.,2026-08-01,2026-08-01
visiting-angels-franchising-corp-corporate-homehealth,Visiting Angels Franchising Corp (Corporate),b2b-homehealth,web,https://franchise.visitingangels.com/,,,"Bryn Mawr, PA (HQ), 550+ US franchises",,Corporate / Marketing,,contact-form,b2b,Visiting Angels franchise marketing team supplies co-branded content and vendor resources to 550+ locations; UraGuard's UTI-risk-reduction liner fits directly into their existing incontinence/toileting care service line.,prospecting,P1,directory,"WebSearch: Visiting Angels franchise ""contact us"" caregiver resources incontinence",,2026-08-01,2026-08-01
comfort-keepers-corporate-homehealth,Comfort Keepers (Corporate),b2b-homehealth,web,https://www.comfortkeepers.com/contact-us/,,,"Irvine, CA (HQ), national franchise network","Bryan Huber (marketing leadership, referenced in search results)",Corporate / Marketing,,contact-form,b2b,Comfort Keepers already runs an article on 'Managing Urinary Incontinence in the Home' — UraGuard's lab-tested 96% bacteria reduction liner is a concrete product tie-in for that exact content plus their in-home hygiene care service.,prospecting,P1,directory,WebSearch: Comfort Keepers corporate office marketing partnerships contact,,2026-08-01,2026-08-01
right-at-home-corporate-homehealth,Right at Home (Corporate),b2b-homehealth,web,https://www.rightathome.net/blog/incontinence-care-for-seniors,,,"Omaha, NE (HQ), 700+ franchises in 6 countries",,Corporate / Content,,research-needed,b2b,Right at Home's existing blog post on incontinence care for seniors is prime real estate for a product mention or update recommending UraGuard's antibacterial liner as a UTI-risk-reduction addition to standard incontinence supplies.,prospecting,P1,directory,WebSearch: Right at Home franchise blog incontinence care senior caregivers,General contact page also seen at rightathome.net/contact-us,2026-08-01,2026-08-01
brightstar-care-corporate-business-partnerships-homehealth,BrightStar Care (Corporate Business Partnerships),b2b-homehealth,web,https://www.brightstarcare.com/what-we-do/business-partnerships/,,,"Gurnee/national HQ, 39 states",,Corporate / Business Partnerships team,,contact-form,b2b,"BrightStar Care runs a dedicated national Business Partnerships program with a form and 24/7 hotline explicitly built to onboard vendor/product partners — a direct, open-door path to pitch UraGuard as a preferred incontinence-care product across their network.",prospecting,P0,directory,WebFetch: brightstarcare.com/what-we-do/business-partnerships/,24/7 hotline 866.618.7827; has structured intake form for 'industry' partners.,2026-08-01,2026-08-01
senior-helpers-corporate-homehealth,Senior Helpers (Corporate),b2b-homehealth,web,https://www.seniorhelpersfranchise.com/why-senior-helpers/contact-us/,,,"Towson, MD (HQ), 410+ locations","Juliet Diiorio (marketing exec, joined 2026, referenced in search results)",Corporate / Marketing & Franchise Development,,research-needed,b2b,"Senior Helpers already runs vendor partnerships (Activated Insights, Meals on Wheels) for national training/marketing programs at scale — UraGuard's UTI-risk-reduction liner fits that same B2B partnership model across incontinence-care clients.",prospecting,P1,directory,WebSearch: Senior Helpers corporate office marketing partnerships contact,General consumer contact also at seniorhelpers.com/contact/,2026-08-01,2026-08-01
visiting-angels-raleigh-cary-nc-homehealth,"Visiting Angels Raleigh & Cary, NC",b2b-homehealth,web,https://raleigh.visitingangels.com/raleigh/contact-us,,,"Raleigh, NC",,Franchise location,,contact-form,b2b,"This location publishes its own dedicated 'Incontinence Care' service page, showing incontinence management is a core offering — UraGuard's liner is a direct fit for the products/protocols they'd recommend to clients.",prospecting,P1,directory,"WebSearch: ""Visiting Angels"" local franchise blog incontinence care tips owner site:visitingangels.com",Phone 919-787-4317; page URL https://www.visitingangels.com/raleigh/articles/incontinence-care/21859,2026-08-01,2026-08-01
visiting-angels-san-diego-metro-ca-homehealth,"Visiting Angels San Diego Metro, CA",b2b-homehealth,web,https://www.visitingangels.com/sandiegometro/incontinence-care,,,"San Diego, CA",,Franchise location,,research-needed,b2b,Dedicated incontinence-care page on this franchise site signals an established client base needing incontinence products — UraGuard's antibacterial liner offers a differentiated UTI-prevention angle for their caregiver toolkit.,prospecting,P2,directory,"WebSearch: ""Visiting Angels"" local franchise blog incontinence care tips owner site:visitingangels.com",,2026-08-01,2026-08-01
visiting-angels-les-defelice-locations-charleston-morgantown-homehealth,"Visiting Angels (Les DeFelice locations: Charleston, Morgantown, Wheeling WV; Pittsburgh PA)",b2b-homehealth,web,https://www.visitingangels.com/articles/what-owning-a-visiting-angels-franchise-means-to-me/254,,,Charleston/Morgantown/Wheeling WV; Pittsburgh PA,Les DeFelice,Multi-territory franchise owner,,research-needed,b2b,"Les DeFelice operates four Visiting Angels territories — a single relationship could place UraGuard across multiple markets; his profile piece shows he's an engaged, quotable brand advocate worth a direct pitch.",prospecting,P2,directory,"WebSearch: ""Visiting Angels"" local franchise blog incontinence care tips owner site:visitingangels.com",Named owner but no direct contact info found; would need to locate his specific office site.,2026-08-01,2026-08-01
brightstar-care-of-cumberland-homehealth,BrightStar Care of Cumberland,b2b-homehealth,web,https://www.brightstarcare.com/locations/cumberland/contact-us/,,,"Cumberland, MD/PA area",,Franchise location,,contact-form,b2b,This location's own blog post links UTIs to senior confusion — a clear educational hook for pitching UraGuard's lab-tested 96% bacteria-reduction liner as a proactive UTI-risk tool for their caregivers to recommend.,prospecting,P1,directory,"WebSearch: ""BrightStar Care"" local franchise owner blog incontinence UTI seniors",Phone 814.738.1565 (24/7); blog post at /about-us/blog/utis-senior-confusion-home-care-agency-brightstar-care/,2026-08-01,2026-08-01
brightstar-care-of-cuyahoga-west-homehealth,BrightStar Care of Cuyahoga West,b2b-homehealth,web,https://www.brightstarcare.com/locations/cuyahoga-west/about-us/blog/incontinence-care-for-the-elderly-at-home/,,,"Cuyahoga County (West), OH",,Franchise location,,research-needed,b2b,"This franchise has a published blog specifically on 'Incontinence Care for the Elderly at Home,' making UraGuard's liner a directly relevant content and product tie-in for their caregivers and client families.",prospecting,P2,directory,"WebSearch: ""BrightStar Care"" local franchise owner blog incontinence UTI seniors",,2026-08-01,2026-08-01
brightstar-care-corporate-blog-senior-bladder-health-homehealth,BrightStar Care (Corporate Blog – Senior Bladder Health),b2b-homehealth,web,https://www.brightstarcare.com/blog/senior-bladder-health/,,,National (HQ),,Corporate / Content team,,research-needed,b2b,BrightStar's national blog already covers senior bladder health issues and care tips — an ideal existing content asset to update or feature with UraGuard's UTI-risk-reduction liner as a recommended product.,prospecting,P1,directory,"WebSearch: ""BrightStar Care"" local franchise owner blog incontinence UTI seniors",Same corporate content team as business-partnerships contact.,2026-08-01,2026-08-01
brightstar-care-corporate-blog-uti-in-older-adults-homehealth,BrightStar Care (Corporate Blog – UTI in Older Adults),b2b-homehealth,web,https://www.brightstarcare.com/blog/why-elderly-patients-get-confused-uti/,,,National (HQ),,Corporate / Content team,,research-needed,b2b,This corporate blog post ties UTIs directly to senior confusion/cognitive symptoms — strong editorial hook to introduce UraGuard's clinically-tested bacterial-reduction liner as a proactive UTI-prevention product.,prospecting,P1,directory,"WebSearch: ""BrightStar Care"" local franchise owner blog incontinence UTI seniors",,2026-08-01,2026-08-01
comfort-keepers-of-twin-cities-mn-homehealth,"Comfort Keepers of Twin Cities, MN",b2b-homehealth,web,https://www.comfortkeepers.com/offices/minnesota/twin-cities/resources/news/managing-urinary-incontinence/,,,"Twin Cities, MN",,Franchise location,,research-needed,b2b,This franchise republishes a 'Managing Urinary Incontinence' resource for its local clients — a ready-made spot to introduce UraGuard's antibacterial liner as a specific product recommendation.,prospecting,P2,directory,"WebSearch: ""Comfort Keepers"" local franchise blog incontinence UTI caregiver author",,2026-08-01,2026-08-01
senior-helpers-of-napa-bob-nations-owner-homehealth,"Senior Helpers of Napa (Bob Nations, Owner)",b2b-homehealth,web,https://www.seniorhelpers.com/ca/napa/contact/,,,"Napa, CA (also Reno, NV territory)",Bob Nations,Franchise owner (Senior Helpers North Bay: Napa + Reno),,contact-form,b2b,"Bob Nations owns and operates multiple Senior Helpers territories (Napa Valley and Reno) and is an active, named community figure — a personal pitch to him could open both markets at once for UraGuard trial placement.",prospecting,P1,directory,"WebSearch: ""Senior Helpers"" ""Bob Nations"" Napa Valley contact","Phone (707) 251-1540; address 1100 Trancas St Ste 102, Napa CA 94558.",2026-08-01,2026-08-01
right-at-your-home-home-care-agency-columbia-ms-homehealth,"Right at Your Home Home Care Agency (Columbia, MS)",b2b-homehealth,web,https://right-at-your-home-home-care-agency.ueniweb.com/#contact_us,,,"Columbia, MS",Catrina (owner),Owner/Operator,,contact-form,b2b,"This independently-branded Right at Home-affiliated agency explicitly lists incontinence products/services on its site, making the owner Catrina a direct, product-ready contact for stocking or recommending UraGuard.",prospecting,P2,directory,"WebSearch: Right at Home local office ""contact us"" owner phone incontinence care page","Address 425 Old Foxworth Rd, Columbia, MS 39429; phone (601) 522-1038.",2026-08-01,2026-08-01
female-urology-of-nashville-clinic,Female Urology of Nashville,b2b-clinic,web,https://funurology.com/,,,"Nashville, TN & Franklin, TN",,Practice (all-female urology group),,contact-form,b2b,First all-female urological group in the US treating UTIs and incontinence together — UraGuard's barrier liner directly serves the exact overlap population (recurrent UTI + incontinence) this practice specializes in.,prospecting,P0,websearch-serp,"urogynecology practice ""recurrent UTI"" incontinence clinic contact us",Phone 615-678-5544. No public email; use contact form/phone. Instagram @funurology.,2026-08-01,2026-08-01
total-urology-care-of-new-york-clinic,Total Urology Care of New York,b2b-clinic,web,https://www.totalurologycare.com/,,,"New York, NY",,Urology/urogynecology/UTI urgent care practice,,contact-form,b2b,"Branded explicitly as UTI urgent care plus urogynecology, this practice's core patient base is exactly the recurrent-UTI-and-incontinence intersection UraGuard's 96% bacterial-reduction liner targets.",prospecting,P0,websearch-serp,"urogynecology practice ""recurrent UTI"" incontinence clinic contact us",Phone 212-470-7686; contact form at totalurologycareny.com/contact-us.,2026-08-01,2026-08-01
urologic-specialists-oklahoma-arkansas-missouri-clinic,"Urologic Specialists (Oklahoma, Arkansas, Missouri)",b2b-clinic,web,https://www.urologicspecialists.com/services-womens-urology,,,"Tulsa/Muskogee/Bartlesville/Owasso OK, Fort Smith AR",,"Multi-location urology group, Women's Urology/Female Pelvic Medicine Center",,contact-form,b2b,Five-location regional group with a dedicated Female Pelvic Medicine Center treating chronic UTIs and bladder control — a natural distribution partner for patient-education materials on UraGuard's liner.,prospecting,P1,websearch-serp,"urology group practice locations ""office manager"" contact incontinence clinic",Main line 918-749-8765; toll-free 1-800-876-5645; online appointment requests available.,2026-08-01,2026-08-01
cincinnati-urogynecology-associates-trihealth-clinic,Cincinnati Urogynecology Associates (TriHealth),b2b-clinic,web,https://www.trihealth.com/locations/cincinnati-urogynecology-associates,,,"Cincinnati, OH",,Urogynecology group (hospital-affiliated),,research-needed,b2b,"Practice explicitly treats both urinary incontinence and recurrent UTIs with non-surgical management, aligning with UraGuard's proactive-prevention (not just absorbency) positioning.",prospecting,P2,websearch-serp,"urogynecology practice ""recurrent UTI"" incontinence clinic contact us",Hospital-affiliated so longer sales cycle; contact via TriHealth main scheduling line.,2026-08-01,2026-08-01
modern-urology-miami-clinic,Modern Urology (Miami),b2b-clinic,web,https://modernurologygroup.com/services/urology-services/female-urology-miami-fl,,,"Miami, FL",,Female urology practice,,research-needed,b2b,"Treats urinary incontinence, OAB, prolapse and recurrent UTIs under one female-urology service line — fits UraGuard's dual incontinence+UTI-prevention pitch.",prospecting,P1,websearch-serp,"female urology group practice ""incontinence"" ""recurrent UTI"" clinic United States",Contact page returned 403 on fetch; use general site contact form.,2026-08-01,2026-08-01
united-urogynecology-female-pelvic-health-united-medical-doc-clinic,United Urogynecology & Female Pelvic Health (United Medical Doctors),b2b-clinic,web,https://unitedmd.com/urogynecology/,,,"San Diego area, CA",,Urogynecology & Female Pelvic Health division,,contact-form,b2b,Independent multi-specialty medical group with a dedicated urogynecology division — smaller independent practices like this tend to be more open to product-sample partnerships than academic hospital systems.,prospecting,P1,websearch-serp,"female urology group practice ""incontinence"" ""recurrent UTI"" clinic United States",Verify contact form/office manager on site before outreach.,2026-08-01,2026-08-01
corewell-health-women-s-urology-care-clinic,Corewell Health Women's Urology Care,b2b-clinic,web,https://corewellhealth.org/care-and-specialties/urology/womens,,,"Royal Oak, MI",,Women's urology specialty clinic (hospital system),,research-needed,b2b,Patients travel from around the world for this women's urology specialty clinic; incontinence/UTI patient population is large enough to justify a bulk sample program.,prospecting,P3,websearch-serp,"female urology group practice ""incontinence"" ""recurrent UTI"" clinic United States","Large health system, long sales cycle.",2026-08-01,2026-08-01
advanced-urology-atlanta-clinic,Advanced Urology Atlanta,b2b-clinic,web,https://www.advancedurology.com/,,,"Atlanta, GA (11 locations)",,Multi-location urology group treating incontinence,,contact-form,b2b,11 clinics and 6 surgery centers across metro Atlanta offering incontinence services — a single regional partnership could put UraGuard samples in front of a very large elderly/female patient volume.,prospecting,P1,websearch-serp,"urology group practice locations ""office manager"" contact incontinence clinic",Verify direct contact/office manager via site.,2026-08-01,2026-08-01
central-ohio-urology-group-clinic,Central Ohio Urology Group,b2b-clinic,web,https://www.centralohiourology.com/locations/,,,"Columbus, OH area (multiple locations)",,Multi-location urology group,,contact-form,b2b,Large regional group with multiple community locations — good candidate for a patient-resource-rack partnership introducing UraGuard's liner to incontinence patients.,prospecting,P2,websearch-serp,"urology group practice locations ""office manager"" contact incontinence clinic",Contact info per-location; verify before outreach.,2026-08-01,2026-08-01
the-urology-group-central-indiana-clinic,The Urology Group Central Indiana,b2b-clinic,web,https://www.urologygroupci.com/locations/,,,"Anderson, IN and Central Indiana",,Multi-location urology group treating incontinence/OAB,,contact-form,b2b,Community urology group with incontinence and overactive bladder services in a smaller market — likely lower barrier to entry for a regional sample/education partnership than a large metro system.,prospecting,P2,websearch-serp,"urology group practice locations ""office manager"" contact incontinence clinic",Verify direct contact per location.,2026-08-01,2026-08-01
the-urology-group-cincinnati-tri-state-clinic,The Urology Group (Cincinnati tri-state),b2b-clinic,web,https://www.urologygroup.com/all-locations/,,,"Cincinnati, OH tri-state area",,Large multi-location urology group,,contact-form,b2b,One of the largest independent urology groups in the tri-state region; a single partnership decision could distribute UraGuard education/samples across dozens of locations.,prospecting,P2,websearch-serp,"urology group practice locations ""office manager"" contact incontinence clinic",Verify contact/office manager via site.,2026-08-01,2026-08-01
female-health-associates-of-north-texas-clinic,Female Health Associates of North Texas,b2b-clinic,web,https://www.femalehealthassociates.com/service/urogynecology,,,"Fort Worth, TX",,Aesthetic medical clinic & urogynecology / pelvic reconstructive surgery practice,,research-needed,b2b,Dedicated urogynecology and pelvic reconstructive surgery service line for a female-focused independent clinic — good fit for a patient take-home sample partnership.,prospecting,P1,websearch-serp,"urology associates women's health incontinence ""contact us"" private practice Texas Florida",Phone 817-646-5595 (from search summary); verify on site.,2026-08-01,2026-08-01
midtown-urology-associates-austin-clinic,Midtown Urology Associates (Austin),b2b-clinic,web,https://www.austinmidtownurology.com/services/female-urology,,,"Austin, TX",,Female urology service line,,research-needed,b2b,Independent Austin urology practice with a dedicated female urology track — smaller independent group likely to be receptive to a direct sampling partnership pitch.,prospecting,P2,websearch-serp,"urology associates women's health incontinence ""contact us"" private practice Texas Florida",Phone 512-451-7935 (from search summary); verify on site.,2026-08-01,2026-08-01
baylor-scott-white-texas-urogynecology-associates-clinic,Baylor Scott & White Texas Urogynecology Associates,b2b-clinic,web,https://www.bswhealth.com/locations/clinical-group/texas-urogynecology-associates,,,"Dallas, Plano, Irving, TX",,Urogynecology associates (hospital system),,research-needed,b2b,Multi-location urogynecology group under a major Texas health system serving a large volume of incontinence/pelvic-floor patients across three DFW-area offices.,prospecting,P3,websearch-serp,"urology associates women's health incontinence ""contact us"" private practice Texas Florida","Phone 214-820-8700 (from search summary); large system, longer cycle.",2026-08-01,2026-08-01
texas-health-urology-specialists-fort-worth-clinic,Texas Health Urology Specialists (Fort Worth),b2b-clinic,web,https://www.texashealth.org/thpg/urology-specialists-1300-w-terrell-avenue-suite-400-fort-worth,,,"Fort Worth, TX",,Urology specialists treating male and female incontinence,,research-needed,b2b,Comprehensive urology practice covering both male and female urinary incontinence — opens door to UraGuard's underwear/diaper line beyond just the female-UTI angle.,prospecting,P2,websearch-serp,"urology associates women's health incontinence ""contact us"" private practice Texas Florida",Phone 817-250-7247; fax 817-250-7246 (from search summary).,2026-08-01,2026-08-01
the-woman-s-center-mesa-az-clinic,"The Woman's Center (Mesa, AZ)",b2b-clinic,web,https://www.thewomanscenter.com/services/incontinence,,,"Mesa, AZ",,Female Pelvic Medicine and Reconstructive Surgery practice,,research-needed,b2b,Dedicated Incontinence Specialist practice for pelvic medicine/reconstructive surgery in the Phoenix metro — a focused independent clinic well-matched to UraGuard's liner as a between-visit management tool.,prospecting,P1,websearch-serp,"""urogynecology"" clinic incontinence center elderly women contact page US","Phone 480-834-5111; address 4344 E. Presidio St, Mesa, AZ 85215; direct contact-us page returned 404 on fetch, use main site.",2026-08-01,2026-08-01
obstetrics-and-gynecology-associates-of-hampton-women-s-blad-clinic,Obstetrics and Gynecology Associates of Hampton — Women's Bladder Center,b2b-clinic,web,https://www.obgynofhampton.com/womens-bladder-center/,,,"Hampton/Williamsburg/Newport News/York County, VA",,OB/GYN group with dedicated Women's Bladder Center,,research-needed,b2b,Multi-city Virginia OB/GYN group with a named bladder-center service line for urinary incontinence — practical entry point for introducing UraGuard's liner to established incontinence patients.,prospecting,P2,websearch-serp,"""urogynecology"" clinic incontinence center elderly women contact page US",Phone (757) 722-7401 (from search summary); verify contact page.,2026-08-01,2026-08-01
southern-pelvic-health-physical-therapy-clinic,Southern Pelvic Health Physical Therapy,b2b-clinic,website,https://www.southernpelvichealth.com/,,,"East Cobb & Midtown Atlanta, GA","Dr. Jessica Reale, PT",Founder/Owner,,contact-form,b2b,"Dr. Reale runs an active blog, mini-courses, FAQ hub, and a dedicated patient resource shop for incontinence/pelvic floor patients — UraGuard's antibacterial barrier liner is a natural product-shop and content addition for her UTI-prone post-menopausal clients.",prospecting,P0,websearch-serp,"pelvic floor physical therapy clinic incontinence women's health ""contact us""",Has /patient-resource-shop and /mini-courses — clear partner-friendly infrastructure.,2026-08-01,2026-08-01
lotus-pelvic-health-wellness-clinic,Lotus Pelvic Health & Wellness,b2b-clinic,website,https://www.lotuspelvichealth.com/,,,"Avon, CT","Dr. Cailyn McDonnell, PT",Founder/Owner,info@lotuspelvichealth.com,email,b2b,Cash-based boutique pelvic PT practice treating bladder leakage and prolapse directly — a liner that cuts bacterial load by 96% is a concrete product recommendation for her incontinence caseload.,prospecting,P0,websearch-serp,"pelvic floor physical therapy clinic incontinence women's health ""contact us""",Verified real email on contact page.,2026-08-01,2026-08-01
atl-pelvic-health-clinic,ATL Pelvic Health,b2b-clinic,website,https://www.atlpelvichealth.com/,@atlpelvichealth,,"Atlanta, GA",,Practice (Atlanta),info@atlpelvichealth.com,email,b2b,Treats urinary symptoms including recurrent UTIs and incontinence in private treatment rooms — liner sample kits fit their patient-education handouts on UTI prevention.,prospecting,P1,websearch-serp,pelvic floor physical therapy clinic Atlanta OR Chicago OR Seattle incontinence women,Verified real email; newsletter signup exists (potential feature slot).,2026-08-01,2026-08-01
the-pelvic-practice-clinic,The Pelvic Practice,b2b-clinic,website,https://www.thepelvicpractice.com/,,,"Thousand Oaks, CA",Katie / Carly,Practitioners,info@thepelvicpractice.com,email,b2b,Boutique pelvic floor practice with active Instagram/Pinterest presence — a barrier liner tied to UTI-risk reduction is shareable content for their social-savvy incontinence patient base.,prospecting,P1,websearch-serp,independent pelvic floor physical therapy clinic blog incontinence products recommend,Verified real email on contact page.,2026-08-01,2026-08-01
trinity-wesley-chapel-urogynecology-clinic,Trinity & Wesley Chapel Urogynecology,b2b-clinic,website,https://trinityurogynecology.com/,,,"New Port Richey & Wesley Chapel, FL","Dr. Kavita Khanijow, MD",Physician/Owner,,contact-form,b2b,Independent urogynecology practice that explicitly treats recurrent UTIs and incontinence as a linked condition — directly matches UraGuard's proactive UTI-risk-reduction liner angle.,prospecting,P0,websearch-serp,"urogynecology practice private clinic ""female pelvic medicine"" city contact",Booking via Google Form / HealOw; verified phone/address.,2026-08-01,2026-08-01
austin-urogynecology-clinic,Austin Urogynecology,b2b-clinic,website,https://austinurogynecology.com/team/,,,"Austin, TX",Dr. Shashoua,Physician/Founder,,contact-form,b2b,Founder-led independent urogynecology practice with dedicated team/about content — good fit for a physician-facing UraGuard clinical-evidence pitch on bacterial reduction data.,prospecting,P1,websearch-serp,"boutique urogynecology practice founder women's health blog ""our team""",Direct /contact/ page 404'd; use general site contact form.,2026-08-01,2026-08-01
urogynecology-of-kansas-city-clinic,Urogynecology of Kansas City,b2b-clinic,website,https://www.urogynkc.com/,,,"Overland Park, KS","Dr. Patrick Nosti, MD / Dr. Abby Stork, MD",Physicians,,contact-form,b2b,"Independent, non-hospital urogynecology group with a dedicated recurrent-UTI service line and patient-information hub — fits a clinical sample/education partnership pitch.",prospecting,P1,websearch-serp,"urogynecology practice recurrent UTI incontinence ""patient resources"" clinic",Has /non-surgical-procedures/recurrent-utis/ page; verified staff and address.,2026-08-01,2026-08-01
the-woman-s-center-clinic,The Woman's Center,b2b-clinic,website,https://www.thewomanscenter.com/services/urogynecology,,,"Mesa, AZ",,Practice (Female Pelvic Medicine & Reconstructive Surgery + PT),,research-needed,b2b,Offers both urogynecology and in-house pelvic floor PT under one roof — a single partnership reaches both the physician referral base and the PT patient base for incontinence/UTI overlap.,prospecting,P1,websearch-serp,"pelvic floor physical therapy clinic incontinence women's health ""contact us""","Phone 480-834-5111 / 4344 E. Presidio St, Mesa AZ 85215.",2026-08-01,2026-08-01
center-for-advanced-gyn-urogynecology-clinic,Center for Advanced Gyn & Urogynecology,b2b-clinic,website,https://centerforadvancedgyn.com/about/,,,Fairfax/Northern Virginia area,Dr. Shobha Sikka / Dr. Allison Groff,Physicians,,research-needed,b2b,Multi-physician urogynecology practice with an active 'our team' presence — clinical pitch on the liner's lab-tested 96% bacterial reduction fits their incontinence + recurrent-UTI patients.,prospecting,P2,websearch-serp,"boutique urogynecology practice founder women's health blog ""our team""","Location needs confirmation on next contact — appeared under 'our team' search, URL resolvable.",2026-08-01,2026-08-01
minnesota-women-s-care-clinic,Minnesota Women's Care,b2b-clinic,website,https://mnwcare.com/,,,Minnesota (Twin Cities area),,OBGYN & Urogynecology practice,,contact-form,b2b,Runs an active consumer-facing blog covering women's health advances — a good venue to pitch a liner feature story alongside their incontinence/urogyn service content.,prospecting,P2,websearch-serp,"boutique urogynecology practice founder women's health blog ""our team""",Combined OBGYN + urogyn; blog-first content strategy makes them PR-open.,2026-08-01,2026-08-01
premier-women-s-care-of-southwest-florida-clinic,Premier Women's Care of Southwest Florida,b2b-clinic,website,https://www.pwcswfl.com/services/urogynecology,,,Southwest Florida,Dr. Cathy Dahl,Physician (Board Certified FPMRS),,contact-form,b2b,"Independent physician-led practice offering nonsurgical incontinence/OAB treatments (PTNS, Botox) — an adjunct conservative-care product like the barrier liner rounds out their nonsurgical offering.",prospecting,P2,websearch-serp,"urogynecology practice Florida OR North Carolina OR Ohio ""incontinence"" independent practice",,2026-08-01,2026-08-01
osceola-gynecology-clinic,Osceola Gynecology,b2b-clinic,website,https://www.osceolagynecology.com/services/urogynecology,,,"Kissimmee, FL",,Practice (urogynecology),,contact-form,b2b,Florida-based urogynecology practice serving an older female patient base managing pelvic floor disorders — fits the core UraGuard demographic directly.,prospecting,P2,websearch-serp,"urogynecology practice Florida OR North Carolina OR Ohio ""incontinence"" independent practice",,2026-08-01,2026-08-01
roswell-obgyn-pelvic-floor-rehabilitation-clinic,Roswell OBGYN — Pelvic Floor Rehabilitation,b2b-clinic,website,https://roswellobgyn.org/pelvic-floor-rehabilitation-atlanta/,,,"Roswell, GA",,OBGYN practice with in-house pelvic floor rehab,,contact-form,b2b,In-house pelvic floor rehab program run by an independent OBGYN practice — a straightforward clinical-sample pitch to the rehab program lead for their incontinence patients.,prospecting,P2,websearch-serp,pelvic floor physical therapy clinic Atlanta OR Chicago OR Seattle incontinence women,,2026-08-01,2026-08-01
center-for-pelvic-health-wellness-clinic,Center for Pelvic Health & Wellness,b2b-clinic,website,https://www.centerforpelvichealthatlanta.com/,,,"Atlanta, GA",,Pelvic floor PT practice,,research-needed,b2b,"Dedicated pelvic health and wellness PT clinic in Atlanta treating incontinence — another independent-clinic touchpoint in a market where two peer practices (ATL Pelvic Health, Southern Pelvic Health) already show partner openness.",prospecting,P2,websearch-serp,pelvic floor physical therapy clinic Atlanta OR Chicago OR Seattle incontinence women,,2026-08-01,2026-08-01
inspire-health-pelvic-health-physical-therapy-clinic,Inspire Health — Pelvic Health Physical Therapy,b2b-clinic,website,https://inspireatlanta.com/services/pelvic-health-physical-therapy/,,,"Atlanta, GA",,Pelvic floor PT program,,research-needed,b2b,"Treats pelvic floor dysfunction, incontinence and postpartum recovery — postpartum is one of UraGuard's stated adjacent buyer segments.",prospecting,P2,websearch-serp,pelvic floor physical therapy clinic Atlanta OR Chicago OR Seattle incontinence women,,2026-08-01,2026-08-01
origin-the-origin-way-pelvic-floor-physical-therapy-clinic,Origin (The Origin Way) — Pelvic Floor Physical Therapy,b2b-clinic,website,https://www.theoriginway.com/locations,,,"CA, TX, FL (multi-state) + virtual nationwide",,Multi-location pelvic PT chain,,research-needed,b2b,"Origin's own blog already curates incontinence-product recommendations from pelvic floor PTs (Hazel, Attn: Grace, Speax) — UraGuard's barrier liner is a natural fit for that exact content format and could unlock multi-location distribution.",prospecting,P1,websearch-serp,independent pelvic floor physical therapy clinic blog incontinence products recommend,Verified: theoriginway.com/blog/the-best-incontinence-products-according-to-pelvic-floor-physical-therapists already exists as a comparable/competitor round-up — strong pitch angle for inclusion or partnership.,2026-08-01,2026-08-01
revive-physical-therapy-issaquah-clinic,Revive Physical Therapy (Issaquah),b2b-clinic,website,https://reviveptmfr.com/pelvic-floor-health-empowering-women-through-physical-therapy/,,,"Issaquah, WA",,Pelvic floor PT practice,,research-needed,b2b,Independent PT practice publishing patient-education blog content on pelvic floor health and incontinence — a good PNW touchpoint outside the Atlanta/FL/TX cluster with a content-marketing hook.,prospecting,P2,websearch-serp,"pelvic floor physical therapy clinic incontinence women's health ""contact us""",,2026-08-01,2026-08-01
empowered-women-s-health-clinic,Empowered Women's Health,b2b-clinic,website,https://www.volusonclub.net/empowered-womens-health/a-recurrent-uti-calls-for-a-urogynecologist/,,,"US (multi-location, needs confirmation)",,Urogynecology practice,,research-needed,b2b,"Practice already publishes patient content specifically framing recurrent UTI as a urogynecology issue — directly aligned with UraGuard's proactive UTI-risk-reduction positioning, making the pitch easy to slot into existing content.",prospecting,P2,websearch-serp,"urogynecology practice recurrent UTI incontinence ""patient resources"" clinic",URL is a syndicated content page (volusonclub.net); verify the practice's own site/location before outreach.,2026-08-01,2026-08-01
society-of-urologic-nurses-and-associates-suna-association,Society of Urologic Nurses and Associates (SUNA),b2b-association,web,https://www.suna.org/about/corporate-partners-sponsors,,Urologic nursing membership + Urologic Nursing Journal readership,"Pitman, NJ",,Corporate Partners & Sponsors program,,research-needed,b2b,"SUNA's corporate/sustaining membership tiers put UraGuard's barrier liner in front of the nurses who manage catheter and incontinence patients daily, with journal and conference recognition built in.",prospecting,P1,websearch-serp,SUNA Society of Urologic Nurses and Associates corporate partners sponsorship,"Tiered Corporate-Plus/Corporate/Sustaining membership ($2K-$8K); existing partners include ConvaTec, Dale Medical.",2026-08-01,2026-08-01
wocn-society-wound-ostomy-and-continence-nurses-society-association,"WOCN Society (Wound, Ostomy and Continence Nurses Society)",b2b-association,web,https://www.wocn.org/membership/industry-alliance-program/,,WOCN-certified nurse membership,"Mount Laurel, NJ",,Industry Alliance Program,,contact-form,b2b,"WOCN's Industry Alliance Program already partners with continence-care manufacturers (Convatec, Hollister); UraGuard's antibacterial liner is a natural fit for the continence-nursing segment of their membership.",prospecting,P1,websearch-serp,WOCN Society Wound Ostomy Continence Nurses corporate sponsor partnership contact,No specific contact email surfaced; program page only.,2026-08-01,2026-08-01
aging-life-care-association-alca-association,Aging Life Care Association (ALCA),b2b-association,web,https://www.aginglifecare.org/ALCA/Corporate_Partners_and_Sponsors/Corporate_Partner_Levels__Benefits__Applications.aspx,,National aging life care manager membership,"Tucson/Phoenix, AZ (national office)",,Corporate Partner Program,,research-needed,b2b,ALCA care managers coordinate daily-living support for incontinent elderly clients; a Bronze/Silver Corporate Partner listing would put UraGuard directly in front of the professionals who recommend products to families.,prospecting,P1,websearch-serp,Aging Life Care Association corporate partner sponsorship program contact,"Tiered Bronze/Silver/Gold/Platinum corporate partner program; contact email seen was garbled in results, needs re-verification via site form.",2026-08-01,2026-08-01
leadingage-association,LeadingAge,b2b-association,web,https://leadingage.org/corporate-partner-program/,,"Nonprofit aging-services provider network (senior housing, assisted living, HCBS)","Washington, DC",,Business Development Team,Sales@LeadingAge.org,email,b2b,LeadingAge's Corporate Partner Program gives year-round access to nonprofit senior-living and assisted-living operators who bulk-purchase incontinence supplies for residents — a direct facility-procurement channel for UraGuard's liner and diaper lines.,prospecting,P0,websearch-serp,LeadingAge corporate partner program sponsorship contact,"Explicit business-development email and named contact (Kathy Burke, 202-508-9447) for Gold Partner tier inquiries.",2026-08-01,2026-08-01
american-health-care-association-national-center-for-assiste-association,American Health Care Association / National Center for Assisted Living (AHCA/NCAL),b2b-association,web,https://www.ahcancal.org/businesspartners/Pages/default.aspx,,Largest US association of long-term/post-acute care and assisted living providers,"Washington, DC",,Associate Business Membership,sales@ahca.org,email,b2b,AHCA/NCAL's Associate Business Membership reaches nursing home and assisted living operators who procure incontinence products at facility scale — the highest-leverage buyer channel for UraGuard's diaper/underwear line plus liner add-on.,prospecting,P0,websearch-serp,AHCA NCAL corporate partner sponsorship program contact,Direct sales email and phone (202-842-4444) confirmed on their Business Partner Opportunities page.,2026-08-01,2026-08-01
national-hospice-and-palliative-care-organization-nhpco-association,National Hospice and Palliative Care Organization (NHPCO),b2b-association,web,https://www.nhpco.org/about-nhpco/partner-with-us/,,"45,000+ hospice/palliative care staff and stakeholders reached","Alexandria, VA",,Partner With Us / Advertising,,research-needed,b2b,Hospice patients are high-need incontinence-care recipients; NHPCO's advertising and co-branding options let UraGuard reach the caregiving staff who choose skin/UTI-prevention products for bedbound patients.,prospecting,P2,websearch-serp,NHPCO National Hospice and Palliative Care Organization corporate partner sponsorship contact,"Main phone 703-837-1500; no named sponsorship contact surfaced, page lists multiple partner options (advertising, exhibiting, co-branding).",2026-08-01,2026-08-01
national-adult-day-services-association-nadsa-association,National Adult Day Services Association (NADSA),b2b-association,web,https://www.nadsa.org/strategic-partners/sponsorship-opportunities/,,National network of adult day services providers,"Fairfax, VA",,Sponsorship inquiries,director@nadsa.org,email,b2b,NADSA's Strategic Partner and newsletter/website sponsorship tiers are low-cost entry points to reach adult day center staff who manage incontinence care for elderly clients throughout the day.,prospecting,P1,websearch-serp,NADSA National Adult Day Services Association sponsorship partnership contact,"Low-cost tiers: website banner $500/quarter, newsletter $500/edition, Platinum Strategic Partner $7,500/yr.",2026-08-01,2026-08-01
alzheimer-s-association-association,Alzheimer's Association,b2b-association,web,https://www.alz.org/get-involved-now/our-partners-sponsors/become-a-corporate-partner,,"National dementia caregiver network, largest Alzheimer's nonprofit in US","Chicago, IL",Jennifer Lombardo,"Senior Director, Corporate Initiatives",jelombardo@alz.org,email,b2b,Dementia caregivers manage incontinence for loved ones daily and are heavy searchers for product guidance; a national corporate partnership would put UraGuard's liner in front of this exact caregiver audience via alz.org resources.,prospecting,P1,websearch-serp,Alzheimer's Association corporate partner caregiver program sponsorship contact,Named senior director contact plus a Corporate Partner Interest Form (act.alz.org) as an alternate intake path.,2026-08-01,2026-08-01
national-alliance-for-caregiving-alliance-for-care-at-home-association,National Alliance for Caregiving / Alliance for Care at Home,b2b-association,web,https://allianceforcareathome.org/partners-in-care/advertising-sponsorship,,National caregiving research/advocacy coalition,"Washington, DC",,Advertising & Sponsorship,Advertising@allianceforcareathome.org,email,b2b,"The Alliance's sponsorship program (conference sessions, webinars, receptions) reaches family and professional caregivers researching incontinence-management products for the people they care for.",prospecting,P2,websearch-serp,National Alliance for Caregiving corporate partner sponsorship contact,NAC has since merged into the National Alliance for Care at Home; sponsorship page confirmed live.,2026-08-01,2026-08-01
american-association-of-nurse-practitioners-aanp-urology-and-association,American Association of Nurse Practitioners (AANP) - Urology and Nephrology Community,b2b-association,web,https://www.aanp.org/membership/aanp-communities/urology-and-nephrology-specialty-practice-group,,"461,000+ licensed NPs nationwide; dedicated urology/nephrology/continence specialty group","Austin, TX",,AANP Corporate Council / Sponsorship & Exhibits,,research-needed,b2b,"AANP's Urology and Nephrology Community specifically calls out continence care as a growth focus for NPs, making the AANP Corporate Council a precise channel to reach prescribers who advise on UTI-risk-reduction products.",prospecting,P2,websearch-serp,American Association of Nurse Practitioners AANP corporate partner urology continence sponsorship,General sponsorship page found (aanp.org/.../sponsorship-and-exhibits); no urology-specific contact surfaced.,2026-08-01,2026-08-01
national-council-on-aging-ncoa-association,National Council on Aging (NCOA),b2b-association,web,https://www.ncoa.org/partnership/,,National aging-services and older-adult advocacy nonprofit,"Arlington, VA",Russell Slater,"Director, Business Development & Corporate Partnerships",partnerships@ncoa.org,email,b2b,NCOA's corporate partnership program lets brands activate consumers and amplify content to older adults nationwide — a strong fit for UraGuard's post-menopausal incontinence/UTI-prevention message.,prospecting,P1,websearch-serp,National Council on Aging corporate partner sponsorship contact,Named director and general partnerships email both surfaced.,2026-08-01,2026-08-01
caregiver-action-network-association,Caregiver Action Network,b2b-association,web,https://www.caregiveraction.org/non-profit-partners/,,National family caregiver support network,"Washington, DC",Allison Borthwick,Corporate Leadership Council contact,aborthwick@caregiveraction.org,email,b2b,CAN's Corporate Leadership Council already includes an incontinence-adjacent manufacturer (First Quality); UraGuard fits the same National Family Caregivers Month sponsorship model to reach family caregivers directly.,prospecting,P0,websearch-serp,Caregiver Action Network corporate sponsor partnership contact,Named contact with direct email and phone (202-780-9978); precedent of a direct incontinence-product competitor already sponsoring.,2026-08-01,2026-08-01
family-caregiver-alliance-association,Family Caregiver Alliance,b2b-association,web,https://www.caregiver.org/,,National family caregiver support nonprofit,"San Francisco, CA",,Partnerships (general),,contact-form,b2b,FCA's caregiver education content and support groups reach the family members researching incontinence products for aging relatives; no named contact yet but a strong content/resource-page fit.,prospecting,P2,websearch-serp,Family Caregiver Alliance corporate sponsor partnership contact,No dedicated sponsorship contact surfaced; would need to use site contact form at caregiver.org.,2026-08-01,2026-08-01
american-urogynecologic-society-augs-association,American Urogynecologic Society (AUGS),b2b-association,web,https://www.augs.org/support/corporate-support/,,Urogynecology and pelvic floor disorder physician/APP membership,"Silver Spring, MD",,Corporate Support,,contact-form,b2b,"AUGS connects industry with the physicians and APPs who treat pelvic floor disorders and incontinence directly, making its Corporate Support program a clinically credible channel for UraGuard's antibacterial liner data.",prospecting,P1,websearch-serp,American Urogynecologic Society AUGS corporate partner sponsorship contact,Phone 301-273-0570; specific email was garbled in search output and needs re-verification on augs.org.,2026-08-01,2026-08-01
urology-care-foundation-association,Urology Care Foundation,b2b-association,web,https://www.urologyhealth.org/make-a-difference/ways-to-contribute/sponsorship-and-advertising,,Official foundation of the American Urological Association; large patient-facing urologyhealth.org audience,"Linthicum, MD",,Sponsorship & Advertising (rep: eHealthcare Solutions),info@urologycarefoundation.org,email,b2b,UrologyHealth.org is the AUA's patient education site for UTI and incontinence content — sponsorship/advertising placement would put UraGuard's 96% bacterial-reduction data in front of patients actively researching UTI prevention.,prospecting,P1,websearch-serp,Urology Care Foundation corporate partner sponsorship contact,"Sponsorship sales outsourced to eHealthcare Solutions (sales@ehsmail.com, 609-882-8887); foundation general email also listed.",2026-08-01,2026-08-01
gerontological-society-of-america-gsa-association,Gerontological Society of America (GSA),b2b-association,web,https://www.geron.org/About/Partner-Donate-Support-Advertise-with-GSA,,Leading interdisciplinary aging-research professional society,"Washington, DC",Angela Joines,Corporate Sales Manager / Partner-Donate-Support-Advertise,membership@geron.org,email,b2b,"GSA's research-focused membership (clinicians, gerontologists) gives UraGuard's clinical bacterial-reduction study credibility exposure through advertising/sponsorship in an evidence-driven aging-research audience.",prospecting,P2,websearch-serp,Gerontological Society of America corporate partner sponsorship contact,Named corporate sales manager (email not published directly); general membership email available as fallback.,2026-08-01,2026-08-01
simon-foundation-for-continence-association,Simon Foundation for Continence,b2b-association,web,https://continencecentral.org/Contact_Us/,,N/A,"Wilmette, IL",,N/A - organization closed,,research-needed,b2b,"Not viable: the Simon Foundation for Continence formally closed operations on December 31, 2024 after 40+ years; its affiliated sites (continencecentral.org, simonfoundation.org) status is unclear and should not be prioritized for outreach.",prospecting,P3,websearch-serp,Simon Foundation for Continence sponsor partner donate contact,"INCLUDED FOR TRANSPARENCY ONLY, NOT A REAL LIVE PROSPECT — do not pursue; confirmed closure via search results. Do not outreach.",2026-08-01,2026-08-01
capital-area-agency-on-aging-inc-seniorcenter,"Capital Area Agency on Aging, Inc.",b2b-seniorcenter,web,https://www.capitalaaa.org/annual-health-fair-expo/,,,"Baton Rouge, LA (21-parish Capital Area, Louisiana)",,Health Fair Expo organizer,,contact-form,b2b,Their Oct 2026 Health Fair Expo at Lamar Dixon draws older-adult attendees statewide; UraGuard's barrier liner is a natural exhibitor sample/demo for a booth targeting women managing incontinence and UTI risk.,prospecting,P1,directory,"WebSearch: ""Area Agency on Aging"" ""family caregiver"" newsletter sponsor exhibitor health fair vendor",Phone (225) 922-2525 / toll-free 1-800-833-9883; vendor registration via downloadable PDF form on site.,2026-08-01,2026-08-01
east-arkansas-area-agency-on-aging-seniorcenter,East Arkansas Area Agency on Aging,b2b-seniorcenter,web,https://www.e4aonline.com/donors-and-partnerships/,,,"Jonesboro, AR (East Arkansas region)",,Donations & Partnerships,referral@eaaaa.org,email,b2b,"501(c)3 AAA with an open donations/partnerships page; UraGuard could donate barrier-liner samples for distribution to homebound and low-income seniors they serve, tying incontinence care to UTI prevention.",prospecting,P0,directory,"WebSearch: ""Area Agency on Aging"" caregiver newsletter partner donations ""contact us""",Phone 800-467-3278; open donor/partner intake with a real email address found on their page.,2026-08-01,2026-08-01
eastern-area-agency-on-aging-eaaa-seniorcenter,Eastern Area Agency on Aging (EAAA),b2b-seniorcenter,web,https://eaaa.org/healthyagingexpo/,,,"Brewer, ME (Eastern Maine region)",,Healthy Aging Expo organizer,info@eaaa.org,email,b2b,Their annual Healthy Aging Expo hosts 70+ vendors across wellness categories; UraGuard fits as a wellness/health-product exhibitor reaching older women and caregivers directly.,prospecting,P1,directory,"WebSearch: ""Area Agency on Aging"" ""family caregiver"" newsletter sponsor exhibitor health fair vendor",Phone (207) 941-2865 / 1-800-432-7812; dedicated vendor and sponsorship subpages exist.,2026-08-01,2026-08-01
area-10-agency-on-aging-seniorcenter,Area 10 Agency on Aging,b2b-seniorcenter,web,https://area10agency.org/showyoursupport/donate/,,,"Ellettsville, IN (Monroe & Owen Counties, Indiana)",Amy Guerrettaz,Donations/Partnerships contact,aguerrettaz@area10agency.org,email,b2b,Named donor-relations contact with an open giving program; pitch in-kind product donation of barrier liners for their older-adult and caregiver support services as a value-add gift.,prospecting,P0,directory,"WebSearch: ""Area Agency on Aging caregiver support program ""gift bag"" OR ""care package"" seniors donation supplies""",Phone (812) 876-3383; toll-free (800) 844-1010. Named individual + direct email is a strong open door.,2026-08-01,2026-08-01
denver-regional-council-of-governments-drcog-area-agency-on--seniorcenter,Denver Regional Council of Governments (DRCOG) Area Agency on Aging,b2b-seniorcenter,web,https://www.drcog.org/area-agency-aging/caregiver-services-support,,,"Denver, CO (Denver metro region)",,Caregiver Services program,caregiversvcs@drcog.org,email,b2b,DRCOG's Caregiver Services program directly supports family caregivers navigating incontinence care; UraGuard's antibacterial liner is a concrete resource to add to their caregiver resource referrals.,prospecting,P1,directory,"WebSearch: ""Area Agency on Aging caregiver newsletter partner donations 'contact us'""",Phone 303-480-5656; dedicated caregiver services email published on their site.,2026-08-01,2026-08-01
area-agency-on-aging-region-iv-southwest-michigan-seniorcenter,Area Agency on Aging Region IV (Southwest Michigan),b2b-seniorcenter,web,https://areaagencyonaging.org/caregiver-newsletter/,,,"St. Joseph, MI (Southwest Michigan)",,Caregiver newsletter publisher,info@areaagencyonaging.org,email,b2b,They publish a monthly caregiver newsletter distributed by email to family caregivers; a UraGuard product feature or sponsored tip on UTI-risk reduction fits their content directly.,prospecting,P1,directory,"WebSearch: ""Area Agency on Aging"" caregiver newsletter partner donations ""contact us""",Phone (269) 408-4369 for print copies; info line (800) 654-2810; Spanish line available.,2026-08-01,2026-08-01
kalamazoo-county-area-agency-on-aging-senior-expo-outreach-seniorcenter,Kalamazoo County Area Agency on Aging (Senior Expo & Outreach),b2b-seniorcenter,web,https://www.kalcounty.gov/253/Senior-Expo-Outreach,,,"Kalamazoo County, MI",,Senior Expo vendor coordinator,,contact-form,b2b,Annual Senior Expo brings vendors serving aging adults directly to attendees; UraGuard could register as an exhibitor to sample the barrier liner to older women and caregivers on-site.,prospecting,P2,directory,"WebSearch: ""senior center"" ""resource fair"" vendor sponsor women's health incontinence booth",Phone 269-373-5173; vendor registration by PDF form emailed to their contact-form-obscured address.,2026-08-01,2026-08-01
ageways-formerly-area-agency-on-aging-1-b-caregiver-fairs-seniorcenter,"AgeWays (formerly Area Agency on Aging 1-B), Caregiver Fairs",b2b-seniorcenter,web,https://www.ageways.org/caregiver-resources/caregiver-fairs,,,"Southeast Michigan (Livonia, MI headquarters)",,Caregiver Fairs / Solutions for Family Caregivers Expo organizer,,research-needed,b2b,Hosts an annual Solutions for Family Caregivers Expo with 85+ exhibitors demonstrating caregiving products; UraGuard's liner is a direct fit for their caregiver-facing product showcase.,prospecting,P1,directory,"WebSearch: ""Area Agency on Aging"" ""family caregiver"" newsletter sponsor exhibitor health fair vendor","URL redirected from aaa1b.org to ageways.org (301); direct fetch of new URL returned 404, page likely moved — needs a live-site check before outreach, but the org and event are real and well documented.",2026-08-01,2026-08-01
area-agency-on-aging-of-west-alabama-seniorcenter,Area Agency on Aging of West Alabama,b2b-seniorcenter,web,https://www.westalabamaaging.org/caregiver-assistance,,,"Northport, AL (Fayette, Hale, Pickens, Tuscaloosa counties)",,Alabama Cares caregiver assistance program,,research-needed,b2b,Runs the Alabama Cares caregiver training/support program for dementia and aging-loved-one caregivers; incontinence and UTI-prevention education/samples fit their training and resource distribution.,prospecting,P2,directory,"WebSearch: ""Area Agency on Aging caregiver support program 'gift bag' OR 'care package' seniors donation supplies""","Phone 205-333-2990 or 1-800-AGELINE; no public email found, referral via ADRC phone line.",2026-08-01,2026-08-01
area-agency-on-aging-of-broward-county-adrc-seniorcenter,Area Agency on Aging of Broward County (ADRC),b2b-seniorcenter,web,https://www.adrcbroward.org/caregiver-support/,,,"Broward County, FL",,Caregiver Support program,,research-needed,b2b,Large South Florida AAA/ADRC caregiver support program serving a big population of older women; UTI-risk reduction is a high-relevance topic given elevated UTI incidence in aging Florida population.,prospecting,P2,directory,"WebSearch: ""Area Agency on Aging caregiver support program 'gift bag' OR 'care package' seniors donation supplies""","Page returned 403 on fetch (bot-blocked); org and caregiver-support page confirmed to exist via search results, contact details need direct follow-up.",2026-08-01,2026-08-01
idaho-commission-on-aging-seniorcenter,Idaho Commission on Aging,b2b-seniorcenter,web,https://aging.idaho.gov/caregiver-skills/caregiver-skills-incontinence/,,,"Boise, ID (statewide)",,State caregiver training resource (Caregiver Skills: Incontinence),,contact-form,b2b,They publish a dedicated caregiver-skills page specifically on incontinence care; UraGuard's UTI-risk-reduction data is directly relevant content they could link to or feature as a caregiver resource.,prospecting,P0,directory,"WebSearch: ""Area Agency on Aging caregiver resource guide site:.org 'incontinence'""",State-level agency with an existing incontinence-specific caregiver page — strong topical fit and open door for a resource link/partnership pitch.,2026-08-01,2026-08-01
weld-county-area-agency-on-aging-helpsource-program-resource-seniorcenter,Weld County Area Agency on Aging (HelpSource Program & Resource Guide),b2b-seniorcenter,web,https://platteville.colorado.gov/sites/platteville/files/documents/2024_HelpSource.pdf,,,"Weld County, CO (Greeley/Platteville area)",,Resource guide publisher,,research-needed,b2b,"Publishes an annual HelpSource resource guide for older adults, caregivers and service providers; UraGuard could pitch inclusion as a listed caregiver/incontinence resource in the next edition.",prospecting,P2,directory,"WebSearch: ""Area Agency on Aging caregiver resources incontinence UTI list 'n4a.org'""",Found via a municipal-hosted PDF of the guide; need to identify direct AAA contact for inclusion requests.,2026-08-01,2026-08-01
fairfax-county-department-of-family-services-older-adults-seniorcenter,Fairfax County Department of Family Services – Older Adults,b2b-seniorcenter,web,https://www.fairfaxcounty.gov/familyservices/older-adults,,,"Fairfax County, VA",,County AAA / older adult services department,,contact-form,b2b,"Large, well-resourced county AAA serving a major DC-metro senior population; a resource-page or caregiver-fair inclusion pitch fits their scale and existing caregiver programming.",prospecting,P2,directory,"WebSearch: ""Area Agency on Aging"" caregiver newsletter partner donations ""contact us""",Large institution — longer outreach cycle expected; contact form via county site.,2026-08-01,2026-08-01
north-central-texas-area-agency-on-aging-nctcog-aging-servic-seniorcenter,North Central Texas Area Agency on Aging (NCTCOG Aging Services),b2b-seniorcenter,web,https://www.nctcog.org/aging-services,,,"Arlington, TX (North Central Texas region, incl. Dallas-Fort Worth)",,Regional AAA (council of governments),,contact-form,b2b,Covers a large multi-county DFW-area senior population; a caregiver-resource or health-fair partnership pitch offers scale reach into a major metro market.,prospecting,P3,directory,"WebSearch: ""Area Agency on Aging"" caregiver support program list of state Area Agencies on Aging directory",Council-of-governments structure means longer institutional cycle; phone 800-272-3921 found for general contact.,2026-08-01,2026-08-01
area-agency-on-aging-region-one-phoenix-seniorcenter,"Area Agency on Aging, Region One (Phoenix)",b2b-seniorcenter,web,https://www.aaaphx.org/,,,"Phoenix, AZ (Maricopa County region)",,Regional AAA,,contact-form,b2b,One of the largest AAAs in the Southwest with extensive caregiver programming; worth pitching for their caregiver resource directory or an upcoming health fair given the large older-adult population in Maricopa County.,prospecting,P3,directory,"WebSearch: ""Area Agency on Aging"" caregiver support program list of state Area Agencies on Aging directory","Large institutional AAA; no specific contact found yet, needs direct outreach research.",2026-08-01,2026-08-01
missouri-area-agencies-on-aging-dept-of-health-senior-servic-seniorcenter,"Missouri Area Agencies on Aging (Dept. of Health & Senior Services, Caregiver Services)",b2b-seniorcenter,web,https://health.mo.gov/seniors/aaa/caregiver-services.php,,,"Jefferson City, MO (statewide coordination of Missouri's AAAs)",,State caregiver services page linking to Missouri's AAA network,,contact-form,b2b,State-level hub page explicitly lists supplemental services including incontinence supplies as part of caregiver support — direct topical match for pitching UraGuard as a resource or product for statewide AAA caregiver programs.,prospecting,P1,directory,"WebSearch: ""Area Agency on Aging caregiver support program 'gift bag' OR 'care package' seniors donation supplies""",Page explicitly names incontinence supplies as a supplemental service category — strong topical relevance.,2026-08-01,2026-08-01
info4seniors-org-area-agency-on-aging-seniorcenter,info4seniors.org Area Agency on Aging,b2b-seniorcenter,web,https://info4seniors.org/services/caregiver-support/,,,"Not fully confirmed from search (appears to serve a regional AAA network, needs verification)",,Caregiver Support services page,,contact-form,b2b,Publishes a dedicated caregiver-support services page; pitch UraGuard's barrier liner as an added resource for the incontinence-supplies component of their caregiver support offerings.,prospecting,P3,directory,"WebSearch: ""Area Agency on Aging"" caregiver support program list of state Area Agencies on Aging directory",Region/location not fully verified in this pass — recommend confirming exact service area before outreach.,2026-08-01,2026-08-01
jacqueline-jacki-saltzman-caremanager,Jacqueline (Jacki) Saltzman,b2b-caremanager,web,https://www.jscaremgr.com,,,New York / New Jersey,,Geriatric Care Manager & Social Worker,jacki@JScaremgr.com,email,b2b,"Jacki works directly with aging clients and their families on daily-living issues, so UraGuard's antibacterial liner gives her a concrete UTI-risk-reduction tool she can recommend for incontinent clients between physician visits.",prospecting,P1,search,"geriatric care management ""New York"" OR ""New Jersey"" private practice website contact",Phone 201-970-4250 also found.,2026-08-01,2026-08-01
jack-lippmann-elder-care-services-inc-caremanager,"Jack Lippmann / Elder Care Services, Inc.",b2b-caremanager,web,https://www.eldercareservicesny.com,,,"Forest Hills, NY",,Geriatric Care Manager,jLippmann@eldercareservicesny.com,email,b2b,A Queens-based care management practice serving frail elderly clients is a direct channel to recommend UraGuard's barrier liner as a proactive UTI-prevention product for incontinent clients at high infection risk.,prospecting,P1,search,"geriatric care management ""New York"" OR ""New Jersey"" private practice website contact",Phone 718-575-5700.,2026-08-01,2026-08-01
naomi-landesberg-cmc-hudson-valley-elder-care-caremanager,"Naomi Landesberg, CMC / Hudson Valley Elder Care",b2b-caremanager,web,https://www.hudsonvalleyeldercare.com,,,"Briarcliff Manor, NY",,Certified Geriatric Care Manager,hveldercare@optonline.net,email,b2b,Solo-practitioner care manager advising families on hands-on daily care logistics is well positioned to introduce UraGuard's liner as a low-effort UTI-prevention add-on for clients already in briefs.,prospecting,P1,search,"geriatric care management ""New York"" OR ""New Jersey"" private practice website contact","Phone 914-945-9128; URL as listed in search result citation format, verify live site before send.",2026-08-01,2026-08-01
alvita-care-caremanager,Alvita Care,b2b-caremanager,web,https://www.alvitacare.com/geriatric-care-management-in-new-york-city/,,,"New York, NY (also serving NJ, Westchester, Long Island)",,Geriatric Care Management practice,,contact-form,b2b,"Alvita's care managers coordinate home-care logistics for incontinent elderly clients across the NYC metro, making UraGuard's liner a natural product recommendation within their existing supply/care plans.",prospecting,P2,search,"geriatric care management ""New York"" OR ""New Jersey"" private practice website contact",,2026-08-01,2026-08-01
andrea-donovan-chicago-senior-living-advisors-caremanager,Andrea Donovan / Chicago Senior Living Advisors,b2b-caremanager,web,https://www.chicagoseniorlivingadvisors.com/geriatric-care-management.html,,,"Inverness, IL (Chicago area)",,Elder Care Advisor / Geriatric Care Manager,andrea_donovansla@yahoo.com,email,b2b,"Andrea advises families on eldercare placement and daily needs, a natural entry point to recommend UraGuard's antibacterial liner as part of incontinence product selection guidance.",prospecting,P1,search,geriatric care manager Chicago Illinois private practice website contact,Phone 708-415-2934.,2026-08-01,2026-08-01
lifestyle-options-caremanager,LifeStyle Options,b2b-caremanager,web,https://www.lifestyleoptions.com/professional-care-management,,,"Greater Chicago, IL",,Professional Care Management (RN care managers),,contact-form,b2b,"Staffed by RN care managers with advanced practice degrees, this practice is well suited to evaluate and recommend a lab-tested UTI-risk-reduction liner for incontinent clients they coordinate care for.",prospecting,P2,search,geriatric care manager Chicago Illinois private practice website contact,,2026-08-01,2026-08-01
ace-senior-care-navigators-caremanager,ACE Senior Care Navigators,b2b-caremanager,web,https://www.aceseniorcare.com/about/,,,"Chicago, IL",,Geriatric Care Manager practice,,contact-form,b2b,"ACE takes a functional-needs approach to changing senior care requirements, making UraGuard's incontinence-adjacent UTI-prevention liner relevant to the recommendations they give families.",prospecting,P2,search,geriatric care manager Chicago Illinois private practice website contact,,2026-08-01,2026-08-01
senior-steps-caremanager,Senior Steps,b2b-caremanager,web,https://www.seniorsteps.net,,,"Hingham, MA (Boston South Shore)",,Care Management Services,,research-needed,b2b,"Senior Steps provides hands-on advocacy and coaching to secure the best home care for clients, a good fit to introduce UraGuard's liner into recommended supply lists for incontinent clients.",prospecting,P2,search,geriatric care manager Boston Massachusetts aging life care practice contact,"Phone 617-405-8796, address 350 Lincoln St Suite 2400, Hingham MA 02043; confirm URL before outreach.",2026-08-01,2026-08-01
alder-life-care-caremanager,Alder Life Care,b2b-caremanager,web,https://www.lcadvocates.com/,,,"Boston, MA",,Aging Life Care practice,,contact-form,b2b,"Alder's social worker/nurse team has 30+ years navigating aging complexities for Boston families, positioning them to vet and recommend a clinically tested UTI-prevention liner for incontinent clients.",prospecting,P2,search,geriatric care manager Boston Massachusetts aging life care practice contact,,2026-08-01,2026-08-01
aging-wisdom-caremanager,Aging Wisdom,b2b-caremanager,web,https://agingwisdom.com/,,,"Seattle / Bellevue, WA",,Senior Care Management Services,,contact-form,b2b,"Aging Wisdom's Aging Life Care Experts stay actively involved as client needs change, a good ongoing-relationship channel to introduce UraGuard's UTI-risk-reduction liner for incontinent clients.",prospecting,P2,search,geriatric care manager Seattle Washington aging life care practice contact,,2026-08-01,2026-08-01
seattle-elder-connections-caremanager,Seattle Elder Connections,b2b-caremanager,web,https://www.psychologytoday.com/us/therapists/seattle-elder-connections-seattle-wa/278987,,,"Seattle, WA 98107",,Certified Geriatric Care Manager (solo practice),,research-needed,b2b,A solo geriatric care manager offering free consultations to families in transition is a low-friction relationship to pitch UraGuard's liner as a differentiated recommendation for incontinent elder clients.,prospecting,P2,search,geriatric care manager Seattle Washington aging life care practice contact,Phone 206-539-1018.,2026-08-01,2026-08-01
geriatric-resources-llc-caremanager,"Geriatric Resources, LLC",b2b-caremanager,web,https://geriatricresourcesaz.com/about-us/,,,"Northwest Phoenix, AZ",,Aging Life Care Manager practice,info@geriatricresourcesaz.com,email,b2b,"Geriatric Resources helps families support quality of life through aging, making UraGuard's 96%-bacteria-reduction liner a fitting proactive-care recommendation for incontinent clients at UTI risk.",prospecting,P1,search,geriatric care manager Phoenix Arizona aging life care practice contact,Phone 623-776-3098.,2026-08-01,2026-08-01
a-g-e-consultants-inc-caremanager,"A.G.E. Consultants, Inc.",b2b-caremanager,web,https://ageconsultants.com/geriatric-care-management/,,,"Phoenix, AZ",,"Geriatric Care Management team (social work, nursing, psychology)",,contact-form,b2b,A.G.E.'s multidisciplinary team advising on senior health specifics is well positioned to add UraGuard's clinically tested antibacterial liner to their incontinence care recommendations.,prospecting,P2,search,geriatric care manager Phoenix Arizona aging life care practice contact,,2026-08-01,2026-08-01
kendall-crye-aging-life-care-of-atlanta-caremanager,Kendall Crye / Aging Life Care of Atlanta,b2b-caremanager,web,https://www.aginglifecareofatlanta.com/,,,"Atlanta, GA",,"Owner, Certified Aging Life Care Professional",,contact-form,b2b,"This practice's LCSW team (Michelle Allen, Kristi Sullivan, Kay Coppage) works hands-on with older adults' daily-care needs, an ideal channel to recommend UraGuard's UTI-prevention liner for incontinent clients.",prospecting,P1,search,geriatric care manager Atlanta Georgia aging life care practice contact,Team page: aginglifecareofatlanta.com/team,2026-08-01,2026-08-01
4-seasons-home-care-atlanta-geriatric-care-manager-caremanager,4 Seasons Home Care - Atlanta Geriatric Care Manager,b2b-caremanager,web,https://4seasonscare.com/services/atlanta-geriatric-care-manager,,,"Atlanta, GA",,Geriatric Care Manager service,,contact-form,b2b,"Their care managers coordinate, advocate, and plan for aging clients, giving them a natural point to recommend UraGuard's barrier liner alongside incontinence supply planning.",prospecting,P2,search,geriatric care manager Atlanta Georgia aging life care practice contact,,2026-08-01,2026-08-01
elder-advisory-group-caremanager,Elder Advisory Group,b2b-caremanager,web,https://www.elderadvisorygroup.com/geriatric-care-management/,,,"Houston, TX (also Dallas-Fort Worth)",,Geriatric / Aging Life Care Managers,,contact-form,b2b,"Serving Houston families since 1997 with hands-on care coordination, this practice can readily introduce UraGuard's clinically tested UTI-risk-reduction liner into incontinence care plans.",prospecting,P2,search,geriatric care manager Dallas OR Houston Texas aging life care practice contact,,2026-08-01,2026-08-01
aging-initiative-llc-caremanager,Aging Initiative LLC,b2b-caremanager,web,https://www.aginginitiative.com/,,,"Houston, TX",,Geriatric Care Manager,,contact-form,b2b,"This Houston practice guides families through consultation, coordination and education on aging issues, a natural fit to recommend UraGuard's liner for incontinent clients managing recurrent UTI risk.",prospecting,P2,search,geriatric care manager Dallas OR Houston Texas aging life care practice contact,,2026-08-01,2026-08-01
fessha-taye-success-and-aging-caremanager,Fessha Taye / Success and Aging,b2b-caremanager,web,https://successandaging.com/,,,"San Leandro, CA (SF Bay Area)",,Gerontology Care Manager & Lifestyle Consultant,,research-needed,b2b,35 years of Bay Area gerontology consulting gives Fessha Taye credibility to recommend UraGuard's antibacterial liner as a proactive UTI-prevention step for incontinent senior clients.,prospecting,P2,search,geriatric care manager San Francisco Bay Area aging life care practice contact,"Phone 510-667-9727, address 595 Estudillo Ave Ste A, San Leandro CA 94577.",2026-08-01,2026-08-01
care-coordinators-of-colorado-caremanager,Care Coordinators of Colorado,b2b-caremanager,web,https://agewisecolorado.org/provider/care-coordinators-of-colorado/,,,"Denver, CO",,Geriatric Care Managers,amy@carecoordco.com,email,b2b,"Amy and Sarah manage complex healthcare, cognitive and social needs for aging clients, making them a strong channel to introduce UraGuard's liner for incontinent clients at elevated UTI risk.",prospecting,P1,search,geriatric care manager Denver Colorado aging life care practice contact,Alt contact sarah@carecoordco.com; phone 303-835-4713.,2026-08-01,2026-08-01
lily-hotaling-answers-for-senior-care-caremanager,Lily Hotaling / Answers for Senior Care,b2b-caremanager,web,https://answersforseniorcare.com/aging-life-care-management/,,,"Denver, CO",,Geriatric Care Manager / Aging Life Care Manager,Lily.Hotaling@AnswersForSeniorCare.com,email,b2b,"Lily works one-on-one with Denver families on senior care logistics, a direct path to recommend UraGuard's lab-tested antibacterial liner for incontinent clients prone to UTIs.",prospecting,P1,search,geriatric care manager Denver Colorado aging life care practice contact,Phone 303-799-1313.,2026-08-01,2026-08-01
jenny-reynolds-graceful-guidance-care-management-caremanager,Jenny Reynolds / Graceful Guidance Care Management,b2b-caremanager,web,https://www.jennythecaremanager.com/,,,"Denver, CO",,"Licensed Social Worker, Certified Geriatric Case Manager",,contact-form,b2b,"Jenny provides individualized support for aging parents' daily needs, making her a strong candidate to recommend UraGuard's UTI-prevention liner to families managing incontinence.",prospecting,P2,search,geriatric care manager Denver Colorado aging life care practice contact,,2026-08-01,2026-08-01
aging-care-advocates-inc-caremanager,"Aging Care Advocates, Inc.",b2b-caremanager,web,https://www.agingcareadvocates.com/,,,"Tampa, FL",,Aging Life Care Professionals,info@agingcareadvocates.com,email,b2b,"This Tampa Bay practice actively advocates for elder clients' daily needs, positioning them to recommend UraGuard's clinically tested liner for incontinent clients managing recurrent UTIs.",prospecting,P1,search,geriatric care manager Tampa OR Miami Florida aging life care practice contact,Phone (813) 246-4120 / (727) 286-3220; team page at agingcareadvocates.com/ourteam.cfm.,2026-08-01,2026-08-01
caremanage-caremanager,CareManage,b2b-caremanager,web,https://caremanage.com/,,,South Florida (Miami area),,Senior Care Management Company,,research-needed,b2b,"CareManage provides 24/7 geriatric care coordination in South Florida, a strong candidate to recommend UraGuard's antibacterial liner as a proactive UTI-prevention product for incontinent clients.",prospecting,P2,search,geriatric care manager Tampa OR Miami Florida aging life care practice contact,Phone 561-266-3489.,2026-08-01,2026-08-01
northshore-care-supply-dme,NorthShore Care Supply,b2b-dme,web,https://www.northshorecare.com/authorized-resale-partners,,,"Lake Bluff, IL",,B2B/Partnerships,,contact-form,b2b,"NorthShore already sells premium adult diapers and briefs to a heavy-leakage/older-adult buyer base and runs a B2B/authorized-resale-partner program, making UraGuard's antibacterial barrier liner a natural upsell/add-on inside their existing incontinence SKUs.",prospecting,P0,websearch-serp,NorthShore Care Supply wholesale partner contact,"Has a dedicated Authorized Resale Partners page and B2B site at pro.northshorecare.com; main contact page at northshorecare.com/about-northshore/contact-us, phone 800-563-0161.",2026-08-01,2026-08-01
hdis-home-delivery-incontinence-supplies-dme,HDIS (Home Delivery Incontinence Supplies),b2b-dme,web,https://hdis.com/,,,"Olivette, MO",,Customer Care / Business,CustCare@hdis.com,email,b2b,HDIS is the largest direct-to-consumer incontinence supplier in the US (Depend/Poise/TENA); a lab-tested UTI-risk-reduction liner is a differentiated new-category product they could cross-sell to their large recurring-order customer base.,prospecting,P1,websearch-serp,HDIS Home Delivery Incontinence Supplies contact wholesale vendor,"Corporate HQ Olivette, MO; separate Medicaid division email CustCare@hdismedicaid.com; contact page https://hdis.com/contact-us",2026-08-01,2026-08-01
parentgiving-dme,Parentgiving,b2b-dme,web,https://www.parentgiving.com/,,,US (online retailer),,Customer Service / Vendor Inquiries,customerservice@parentgiving.com,email,b2b,"Parentgiving is a leading online retailer for incontinence and elder-care products aimed at family caregivers, matching UraGuard's caregiver + post-menopausal buyer profile exactly.",prospecting,P1,websearch-serp,Parentgiving incontinence supplies vendor become a supplier contact,"Named as a NAFC featured product partner (nafc.org/featured-product-partner-parentgiving), indicating openness to product partnerships; phone 888-746-2107.",2026-08-01,2026-08-01
aeroflow-urology-dme,Aeroflow Urology,b2b-dme,web,https://aeroflowurology.com/,,,"Arden, NC",,Marketing/Partnerships,marketing@aeroflowurology.com,email,b2b,"Aeroflow Urology is a national insurance/Medicaid DME supplier of incontinence products for adults and has an active marketing/partnership channel, a strong fit for pitching UraGuard's UTI-prevention liner as a covered add-on.",prospecting,P1,websearch-serp,Aeroflow Urology incontinence supplies distributor become a vendor,Dedicated PR/influencer/partnership email found on contact page (aeroflowurology.com/contact); parent company Aeroflow Health.,2026-08-01,2026-08-01
vitality-medical-dme,Vitality Medical,b2b-dme,web,https://www.vitalitymedical.com/incontinence.html,,,"Salt Lake City, UT",,,,research-needed,b2b,"Vitality Medical sells incontinence supplies to both individual consumers and B2B clients (hospitals, caregiver facilities), so UraGuard's liner could slot into both their retail and institutional catalogs.",prospecting,P2,websearch-serp,Vitality Medical incontinence supplies wholesale distributor contact,"Phone (801) 733-4449; Salt Lake City, UT based online medical supply retailer serving business clients.",2026-08-01,2026-08-01
home-care-delivered-hcd-dme,Home Care Delivered (HCD),b2b-dme,web,https://www.hcd.com/products/incontinence/,,,US,,,,research-needed,b2b,"HCD has delivered over 7.5 million incontinence-supply orders to nearly 800,000 customers since 1996, making them a high-volume distribution partner for an add-on UTI-prevention liner.",prospecting,P2,websearch-serp,Home Care Delivered incontinence supplies vendor contact,"Phone 866-938-3906; site www.hcd.com; no vendor-specific contact surfaced, would need direct outreach.",2026-08-01,2026-08-01
byram-healthcare-dme,Byram Healthcare,b2b-dme,web,https://www.byramhealthcare.com/incontinence-care/overview,,,"White Plains, NY (national)",,Healthcare Professional Partnerships,,research-needed,b2b,"Byram runs a dedicated 'Caring Touch at Home' continence-care program staffed by WOCN nurses and already positions itself around UTI/skin-health education, a strong content and clinical fit for UraGuard's bacterial-reduction data.",prospecting,P1,websearch-serp,Byram Healthcare urological incontinence supplies vendor partnership contact,Healthcare-professional line 1-800-364-6057; Incontinence CareLine 1-877-902-9726 ext.43312; sponsor of SUNA (Society of Urologic Nurses).,2026-08-01,2026-08-01
180-medical-dme,180 Medical,b2b-dme,web,https://www.180medical.com/incontinence-supplies/,,,"Oklahoma City, OK (national)",,,,research-needed,b2b,"180 Medical (a ConvaTec subsidiary) recently expanded from catheters into incontinence products, showing appetite for new-category expansion that a UTI-risk-reduction liner directly complements given their catheter-user overlap.",prospecting,P2,websearch-serp,180 Medical incontinence supplies new product vendor contact,"Toll-free 1-877-688-2729; carries Tranquility, TENA, Prevail, Attends brands; strong catheter-user adjacency to UraGuard's UTI angle.",2026-08-01,2026-08-01
shield-healthcare-dme,Shield HealthCare,b2b-dme,web,https://www.shieldhealthcare.com/products/incontinence/,,,"Valencia, CA (national)",,,,contact-form,b2b,"Shield HealthCare has delivered home incontinence supplies since 1957 and is now majority-owned by Henry Schein, giving them scale and a clinical-content program (blog/education) where a 96%-bacterial-reduction liner fits naturally.",prospecting,P2,websearch-serp,Shield HealthCare incontinence supplies vendor become a distributor contact,Contact page https://www.shieldhealthcare.com/contact/; site references a partnerships nav section.,2026-08-01,2026-08-01
my-care-supplies-dme,My Care Supplies,b2b-dme,web,https://mycaresupplies.com/incontinence-products,,,"US (online retailer, est. 2011)",,,,contact-form,b2b,"My Care Supplies is an independent medical supply retailer built specifically around incontinence, ostomy, urological and diabetes categories and is a featured NAFC partner, indicating openness to new continence-care products.",prospecting,P1,websearch-serp,My Care Supplies incontinence become a vendor contact become a partner,Featured NAFC partner: nafc.org/featured-partner-my-care-supplies; customer care page https://mycaresupplies.com/customer-care/.,2026-08-01,2026-08-01
j-b-medical-supply-dme,J&B Medical Supply,b2b-dme,web,https://www.jandbmedical.com/supplies/insurance-covered-supplies/,,,"Wixom, MI (national)",,,,research-needed,b2b,"J&B Medical is a state-contracted Medicaid incontinence-supply vendor (Michigan, Indiana) at large scale, making them a high-leverage distribution partner if UraGuard can get listed as an add-on SKU in their catalog.",prospecting,P2,websearch-serp,J&B Medical incontinence supplies new vendor product submission contact,Phone 800-737-0045; sole state vendor for Indiana FFS incontinence supplies starting Feb 2026; also runs consumer brand J&B At Home (jandbathome.com).,2026-08-01,2026-08-01
cia-medical-dme,CIA Medical,b2b-dme,web,https://www.ciamedical.com/incontinence,,,US,,,,research-needed,b2b,"CIA Medical is a wholesale medical-goods provider serving over 25,000 customers with a dedicated incontinence wholesale category, a direct channel to get UraGuard's liner in front of bulk B2B buyers.",prospecting,P2,websearch-serp,online incontinence supply store US retailer wholesale distributor,"Site explicitly markets ""Wholesale Incontinence Supplies - Buy in Bulk, See Prices.""",2026-08-01,2026-08-01
allegro-medical-dme,Allegro Medical,b2b-dme,web,https://www.allegromedical.com/incontinence/,,,US,,,,research-needed,b2b,"Allegro Medical is a long-running online DME retailer with a full incontinence-products vertical for men and women, a straightforward retail listing opportunity for UraGuard's liner.",prospecting,P2,websearch-serp,online incontinence supply store US retailer wholesale distributor,"Positions itself as offering ""premium incontinence products for men and women at the best prices guaranteed.""",2026-08-01,2026-08-01
wholesale-point-inc-dme,Wholesale Point Inc,b2b-dme,web,https://wholesalepoint.com/,,,US,,,,research-needed,b2b,"Wholesale Point is an authorized online distributor of wholesale/retail medical and home healthcare supplies, a candidate to carry UraGuard as a new wholesale SKU.",prospecting,P3,websearch-serp,online incontinence supply store US retailer wholesale distributor,"General home healthcare/wellness wholesaler, not incontinence-specific; needs vetting for actual incontinence category depth.",2026-08-01,2026-08-01
great-lakes-wholesale-dme,Great Lakes Wholesale,b2b-dme,web,https://www.glwholesale.com/category/wholesale-sanitary-incontinence/hm,,,US,,,,research-needed,b2b,"Great Lakes Wholesale has sourced sanitary and incontinence products for retailers and distributors for over 40 years, a channel to get UraGuard into other retailers' shelves via a trusted intermediary.",prospecting,P2,websearch-serp,online incontinence supply store US retailer wholesale distributor,Dedicated wholesale sanitary/incontinence product category page.,2026-08-01,2026-08-01
meddcare-dme,Meddcare,b2b-dme,web,https://meddcare.com/wholesale/,,,"Perris, CA",,,,research-needed,b2b,"Meddcare is a US manufacturer/wholesaler of bulk adult diapers and incontinence supplies for distributors and care homes since 2013, a plausible co-packaging or bundled-liner wholesale partner.",prospecting,P2,websearch-serp,regional DME durable medical equipment supplier incontinence products distributor US,"Based Perris, CA; also operates meddcarellc.com as a California B2B healthcare/incontinence supplier.",2026-08-01,2026-08-01
la-medical-wholesale-dme,LA Medical Wholesale,b2b-dme,web,https://www.lamedicalwholesale.com/incontinence,,,"Los Angeles, CA",,,,research-needed,b2b,"LA Medical Wholesale runs a dedicated incontinence wholesale category for bulk B2B buyers, a direct fit to list UraGuard's liner alongside briefs/underwear they already move at volume.",prospecting,P3,websearch-serp,online incontinence supply store US retailer wholesale distributor,"Regional (LA-based) wholesale medical supplier; contact details not surfaced yet, needs direct follow-up.",2026-08-01,2026-08-01
supermarket-distributors-of-america-sda-dme,Supermarket Distributors of America (SDA),b2b-dme,web,https://www.sdaccs.com/tena-adult-incontinence.aspx,,,US,,,,research-needed,b2b,"SDA wholesales TENA adult incontinence products into supermarkets and retail chains nationally, a route to get UraGuard's liner onto mainstream retail shelves rather than just DME-specific channels.",prospecting,P3,websearch-serp,online incontinence supply store US retailer wholesale distributor,Grocery/retail-channel wholesaler rather than pure DME; longer sales cycle expected.,2026-08-01,2026-08-01
xp-medical-dme,XP Medical,b2b-dme,web,https://www.xpmedical.com/,,,US,,,,research-needed,b2b,"XP Medical is an online incontinence-supply retailer whose brand is built around products ""selected by users for users,"" suggesting an audience and editorial process receptive to a novel, evidence-backed liner product.",prospecting,P2,websearch-serp,independent adult diaper incontinence supply retailer new brand become a vendor,Consumer-facing incontinence specialty retailer; needs direct vendor-contact discovery.,2026-08-01,2026-08-01
activstyle-dme,ActivStyle,b2b-dme,web,https://www.activstyle.com/,,,"Minneapolis, MN (national, multi-state Medicaid contracts)",,Provider Order/Business Contact,NewOrderCM@activstyle.com,email,b2b,"ActivStyle is America's largest insurance/Medicaid-reimbursed home-delivery provider of incontinence supplies (an AdaptHealth company) across multiple states, giving UraGuard potential access to a very large recurring-order patient base if listed as a covered add-on.",prospecting,P2,websearch-serp,ActivStyle incontinence supplies Medicaid contact business,"General customer service 1-800-506-1148; provider order-submission email found (NewOrderCM@activstyle.com), though this is order-intake not necessarily vendor/business-dev contact.",2026-08-01,2026-08-01
express-medical-supply-exmed-dme,Express Medical Supply (ExMed),b2b-dme,web,https://www.exmed.net/incontinence-products,,,"Fenton, MO",,Customer Service,customerservice@exmed.net,email,b2b,"Express Medical Supply serves individuals, clinics and medical institutions with a full incontinence-solutions line, positioning UraGuard's liner as a natural clinic/institutional add-on alongside their existing adult diaper and pad offerings.",prospecting,P3,websearch-serp,ExMed Express Medical Supply incontinence products contact wholesale,"Phone 1-800-633-2139; based Fenton, MO; wholesale-specific contact not confirmed, would need direct follow-up to verify bulk/B2B terms.",2026-08-01,2026-08-01
bladder-bowel-community-support-group-facebook,Bladder & Bowel Community Support Group,community-facebook,facebook,https://www.facebook.com/groups/BandBCommunity/,BandBCommunity,20K+ members,UK,,incontinence patient charity peer-support group (Bladder & Bowel Community),,contact-form,awareness,"Athena UraGuard is a thin barrier liner worn inside any incontinence product for extra overnight dryness, leak security, and discretion — a natural, value-first fit to offer this group through admin partnership rather than direct promotion.",prospecting,P0,fb-group-search,WebSearch 'facebook group incontinence support bladder leakage'; bladderandbowel.org news post confirms ~20-21K members,"wedge=compliant. Closed group, admin-monitored by UK charity Bladder & Bowel Community since 2018; org's own site says it passed 20K members; contact via bladderandbowel.org site form (no direct admin email found); open to international members despite UK base.",2026-08-09,2026-08-09
association-for-pelvic-organ-prolapse-support-apops-facebook,Association for Pelvic Organ Prolapse Support (APOPS),community-facebook,facebook,https://www.facebook.com/groups/184143085606/,,,"US (Mukwonago, WI)",Sherrie Palm,"founder/president, APOPS (pelvic organ prolapse patient advocacy nonprofit)",info.apops@gmail.com,email,awareness,"Athena UraGuard is a thin, discreet barrier liner worn inside any pad that keeps skin drier and adds overnight leak security for women managing prolapse-related leakage — offered as a value-first comfort and dignity resource through admin partnership with APOPS, not a hard sell.",prospecting,P0,fb-group-search,WebSearch 'facebook group prolapse pelvic organ support'; pelvicorganprolapsesupport.org/contact for named contact + email,"wedge=compliant. Closed forum, request-to-join; founded 2010 by Sherrie Palm (also @apops.sherriepalm on IG); org states members span 183 countries (reach, not a hard member count — fragile, unverified on FB itself); real 501(c)(3) nonprofit with a named, working admin email — strongest admin-reachable pick in this batch.",2026-08-09,2026-08-09
perimenopause-hub-expert-advice-and-peer-support-facebook,Perimenopause Hub - Expert Advice and Peer Support,community-facebook,facebook,https://www.facebook.com/groups/perimenohub/,perimenohub,150K+ members,,Emily Barclay,"founder, Perimenopause Hub",info@perimenopausehub.com,email,awareness,"Athena UraGuard is a thin, discreet barrier liner worn inside any pad or underwear that helps keep skin drier during the bladder changes many women notice in perimenopause and menopause — offered as a value-first resource or admin partnership, not a promotional push.",prospecting,P1,fb-group-search,WebSearch 'facebook group perimenopause support'; perimenopausehub.com states 150K+ members and lists info@perimenopausehub.com + contact form,"wedge=compliant. Very large, founder-run brand community (perimenopausehub.com) with a real contact email/form; BBC also covered the group passing 100K members. Not incontinence-specific so not P0, but size + reachability make it a top menopause target.",2026-08-09,2026-08-09
memory-people-facebook,Memory People,community-facebook,facebook,https://www.facebook.com/groups/180666768616259/,,16K+ members,,,closed Alzheimer's/dementia caregiver support group,,dm,awareness,"Athena UraGuard is a thin barrier liner worn inside any incontinence product that keeps skin drier overnight, offering dementia caregivers here an easy way to add comfort and dignity to a loved one's care routine — happy to share it value-first or partner with admins on an educational post, never a hard sell.",prospecting,P1,fb-group-search,WebSearch 'Alzheimer's caregivers facebook group'; dailycaring.com Memory People article for the direct group link,"wedge=compliant. Founder Rick Phelps (early-onset Alzheimer's advocate) died Sept 6, 2021 per his obituary — group reportedly continues under other admins/caregivers, but current admin identity is unverified, so treat as join-request + post outreach, not a named contact. ~16K+ members historically cited; large dementia-caregiver overlap with incontinence-product buyers.",2026-08-09,2026-08-09
embedded-chronic-uti-support-group-facebook,Embedded/Chronic UTI Support Group,community-facebook,facebook,https://www.facebook.com/groups/ChronicUTISupportGroup/,ChronicUTISupportGroup,22K+ members,,,chronic/embedded UTI patient advocacy support group,,dm,awareness,"Athena UraGuard is a thin, discreet barrier liner worn inside any pad that keeps skin drier and adds overnight leak security for members managing bladder-related leakage — offered purely as a comfort and dignity resource via admin partnership, with no medical claims.",prospecting,P1,fb-group-search,WebSearch 'facebook group recurrent UTI support' — snippet cites '22k worldwide members',"wedge=uti. Distinct from the already-CRM'd ChronicUTIResourcesUS and chronicutiwomenssupportgroup groups. Referenced by chronicutiinfo.com's own support-groups list, suggesting it's part of an organized patient-advocacy ecosystem; no single named admin confirmed for this specific group (fragile), so lead with a group post rather than a named email.",2026-08-09,2026-08-09
postpartum-support-international-facebook,Postpartum Support International,community-facebook,facebook,https://www.facebook.com/groups/25960478598/,,,"US (Portland, OR)",,closed peer-support group run by Postpartum Support International (national maternal mental health nonprofit),psioffice@postpartum.net,email,awareness,Athena UraGuard is a thin barrier liner worn inside any postpartum pad or underwear that keeps skin drier and adds discreet overnight leak security for new moms managing postpartum bladder leakage — glad to share it as a value-first resource or partner with admins on an educational post.,prospecting,P1,fb-group-search,WebSearch 'facebook group postpartum support new moms'; postpartum.net contact page for org email/phone,"wedge=compliant. Closed, admin-approved group run by PSI (HelpLine 800-944-4773, email psioffice@postpartum.net); FB group's own member count not independently confirmed; strongest postpartum admin-partnership path given PSI's national org infrastructure; PSI's core focus is maternal mental health, so lead with comfort/dignity not clinical claims.",2026-08-09,2026-08-09
working-daughter-facebook,Working Daughter,community-facebook,facebook,https://www.facebook.com/groups/workingdaughter/,workingdaughter,9K+ members,"US (Boston, MA-based founder)",Liz O'Donnell,"founder, Working Daughter (women balancing eldercare + career)",,contact-form,awareness,"Athena UraGuard is a thin barrier liner worn inside any incontinence product to keep skin drier overnight, which could help members here bring more comfort, dignity, and discretion to the aging parents they care for — we'd approach this as a value-first educational share or admin partnership, not a hard sell.",prospecting,P1,fb-group-search,"WebSearch '""Working Daughter"" facebook group aging parents career'; workingdaughter.com for founder + member count",wedge=compliant. Private group tied to the workingdaughter.com brand/book/podcast; site states 9K+ members; founder Liz O'Donnell is publicly identifiable and reachable via her site's contact form; audience = working women caregiving for aging parents.,2026-08-09,2026-08-09
the-caregiver-space-community-facebook,The Caregiver Space Community,community-facebook,facebook,https://www.facebook.com/groups/216161412165764/,,8K+ members,"US (New York, NY)",,flagship peer-support group of The Caregiver Space (NYC caregiver nonprofit),,contact-form,awareness,"Athena UraGuard is a thin barrier liner worn inside any incontinence product to keep skin drier overnight, which could help members here bring more comfort, dignity, and discretion to the aging parents they care for — we'd approach this as a value-first educational share or admin partnership, not a hard sell.",prospecting,P1,fb-group-search,"WebSearch '""The Caregiver Space"" facebook group community members'; thecaregiverspace.org/community page","wedge=compliant. Private, approval-required group run by registered NY nonprofit The Caregiver Space, which also runs several sister groups (Eldercare Community, Long-Term Care Community, Mental Health Community) — additional outreach surface beyond this one group; contact via thecaregiverspace.org.",2026-08-09,2026-08-09
caring-for-elderly-parents-facebook,Caring for Elderly Parents,community-facebook,facebook,https://www.facebook.com/groups/113354218750970/,,10K+ members,,,general eldercare caregiver peer-support group,,dm,awareness,"Athena UraGuard is a thin barrier liner worn inside any incontinence product to keep skin drier overnight, which could help members here bring more comfort, dignity, and discretion to the aging parents they care for — we'd approach this as a value-first educational share or admin partnership, not a hard sell.",prospecting,P1,fb-group-search,"WebSearch 'facebook group caregivers aging parents support' and 'facebook group ""elderly parents"" support group' — snippet cites 10,000+ members, ~75 posts/day, active since ~2011","wedge=compliant. One of the longest-running, most active general eldercare groups (~75 posts/day per search snippet); no named admin found, so outreach is group-join + post or DM to page admins.",2026-08-09,2026-08-09
dementia-with-grace-caregiver-support-group-facebook,Dementia With GRACE Caregiver Support Group,community-facebook,facebook,https://www.facebook.com/groups/dementiawithgrace/,dementiawithgrace,,"US (Fairfield, CA area)",Vicky Noland Fitch,"founder / certified dementia practitioner, author of 'Dementia With GRACE'",,dm,awareness,"Athena UraGuard is a thin barrier liner worn inside any incontinence product that keeps skin drier overnight, offering dementia caregivers here an easy way to add comfort and dignity to a loved one's care routine — happy to share it value-first or partner with admins on an educational post, never a hard sell.",prospecting,P1,fb-group-search,"WebSearch '""Dementia With GRACE"" facebook group founder admin' — Alzheimer's Association NorCal/NorNV blog + Amazon author page","wedge=compliant. Founded by Vicky Noland Fitch, a certified dementia practitioner (25+ yrs) and published author — credible, publicly identifiable admin, though a direct email wasn't located; best approached via her book/author platform or FB page message.",2026-08-09,2026-08-09
overactive-bladder-urinary-support-group-for-women-facebook,Overactive Bladder (Urinary) Support Group For Women,community-facebook,facebook,https://www.facebook.com/groups/1737848542978961/,,,,,women's overactive bladder / urinary incontinence peer-support group,,dm,awareness,"Athena UraGuard is a thin barrier liner worn inside any incontinence product for extra overnight dryness, leak security, and discretion — a natural, value-first fit to offer this group through admin partnership rather than direct promotion.",prospecting,P1,fb-group-search,WebSearch 'facebook group overactive bladder women' — also referenced in a 2023 Neurourology & Urodynamics study of OAB/UI Facebook support groups,"wedge=compliant. Exactly on-topic (OAB/urinary incontinence, women-only). One of ~7 groups referenced in the 2023 peer-reviewed study (combined ~8,246 members across all 7, so this single group is plausibly low-thousands — fragile estimate). No admin name found; DM/post outreach.",2026-08-09,2026-08-09
interstitial-cystitis-bladder-pain-syndrome-support-group-facebook,Interstitial Cystitis / Bladder Pain Syndrome Support Group,community-facebook,facebook,https://www.facebook.com/groups/ICBPSSupportGroup/,ICBPSSupportGroup,,,,IC / bladder pain syndrome peer-support group,,dm,awareness,"Athena UraGuard is a thin, discreet barrier liner worn inside any pad that keeps skin drier and adds overnight leak security for members managing bladder-related leakage — offered purely as a comfort and dignity resource via admin partnership, with no medical claims.",prospecting,P1,fb-group-search,WebSearch 'facebook group interstitial cystitis support',"wedge=uti. Distinct entity from the already-CRM'd 'Interstitial Cystitis Association IC/BPS Support Group' (handle ICBPSGroup) — different URL/handle, confirmed separate via WebFetch title match. No admin name or member count found; DM outreach.",2026-08-09,2026-08-09
interstitial-cystitis-painful-bladder-syndrome-support-group-facebook,Interstitial Cystitis/ Painful Bladder Syndrome Support Group,community-facebook,facebook,https://www.facebook.com/groups/144538712714066/,,,,,IC / painful bladder syndrome peer-support group,,dm,awareness,"Athena UraGuard is a thin, discreet barrier liner worn inside any pad that keeps skin drier and adds overnight leak security for members managing bladder-related leakage — offered purely as a comfort and dignity resource via admin partnership, with no medical claims.",prospecting,P2,fb-group-search,WebSearch 'facebook group interstitial cystitis support',wedge=uti. Confirmed real via WebFetch title match ('IC/ PBS'); no size or admin data found — lower-confidence P2 until membership size can be confirmed.,2026-08-09,2026-08-09
embedded-urinary-tract-infection-recurrent-uti-facebook,Embedded Urinary Tract Infection- Recurrent UTI,community-facebook,facebook,https://www.facebook.com/groups/682397865549912/,,,,,recurrent / embedded UTI peer-support group,,dm,awareness,"Athena UraGuard is a thin, discreet barrier liner worn inside any pad that keeps skin drier and adds overnight leak security for members managing bladder-related leakage — offered purely as a comfort and dignity resource via admin partnership, with no medical claims.",prospecting,P2,fb-group-search,WebSearch 'facebook group recurrent UTI support',wedge=uti. Confirmed real via WebFetch (title matches). Size/admin unconfirmed; likely part of the same embedded/chronic-UTI patient-advocacy ecosystem as Embedded/Chronic UTI Support Group and the already-CRM'd ChronicUTIResourcesUS — check for admin overlap before parallel outreach.,2026-08-09,2026-08-09
postpartum-depression-anxiety-support-group-facebook,Postpartum Depression & Anxiety Support Group,community-facebook,facebook,https://www.facebook.com/groups/maternalmhmatterssupportgroup/,maternalmhmatterssupportgroup,,,,postpartum mental health peer-support group,,dm,awareness,Athena UraGuard is a thin barrier liner worn inside any postpartum pad or underwear that keeps skin drier and adds discreet overnight leak security for new moms managing postpartum bladder leakage — glad to share it as a value-first resource or partner with admins on an educational post.,prospecting,P2,fb-group-search,WebSearch 'facebook group postpartum support new moms',"wedge=compliant. Confirmed real (title match). Focus is maternal mental health (PPD/anxiety) rather than physical postpartum recovery, so product fit is secondary/adjacent — lead with comfort/dignity, not clinical framing; likely private, admin-approved group.",2026-08-09,2026-08-09
thepause-menopause-and-perimenopause-expert-support-solution-facebook,thePause - Menopause and Perimenopause Expert Support & Solutions,community-facebook,facebook,https://www.facebook.com/groups/thepause/,thepause,,,Susan Sly,"founder/CEO, thePause (Harmoni AI menopause app) — group is the brand's community arm",,contact-form,awareness,"Athena UraGuard is a thin, discreet barrier liner worn inside any pad or underwear that helps keep skin drier during the bladder changes many women notice in perimenopause and menopause — offered as a value-first resource or admin partnership, not a promotional push.",prospecting,P2,fb-group-search,WebSearch 'thePause menopause brand company facebook group thepause.com'; thepause.ai app description,"wedge=compliant. Branded community tied to a commercial menopause-AI startup (thepause.ai, Harmoni app, founder Susan Sly) rather than an independent peer group — outreach here is really a brand-partnership pitch to thePause, not a neutral group admin; group's own member count not found.",2026-08-09,2026-08-09
perimenopause-menopause-chat-hub-share-understand-empower-facebook,Perimenopause & Menopause Chat Hub: Share/ Understand/ Empower,community-facebook,facebook,https://www.facebook.com/groups/menopausechathub/,menopausechathub,,,,perimenopause/menopause peer chat & support group,,dm,awareness,"Athena UraGuard is a thin, discreet barrier liner worn inside any pad or underwear that helps keep skin drier during the bladder changes many women notice in perimenopause and menopause — offered as a value-first resource or admin partnership, not a promotional push.",prospecting,P2,fb-group-search,"WebSearch '""Perimenopause Hub"" facebook group members admin' (surfaced as a related group)",wedge=compliant. Confirmed real via WebFetch title match; distinct from Perimenopause Hub (different URL/handle); size/admin not found.,2026-08-09,2026-08-09
menopause-support-group-for-women-facebook,Menopause Support Group for Women,community-facebook,facebook,https://www.facebook.com/groups/2289050958040388/,,,,,menopause peer-support group,,dm,awareness,"Athena UraGuard is a thin, discreet barrier liner worn inside any pad or underwear that helps keep skin drier during the bladder changes many women notice in perimenopause and menopause — offered as a value-first resource or admin partnership, not a promotional push.",prospecting,P2,fb-group-search,WebSearch 'facebook group menopause support women',wedge=compliant. Confirmed real via WebFetch title match. Distinct from the already-CRM'd 'Menopause Support Group' (id 439232282854798) — different numeric ID and full name; size/admin unconfirmed.,2026-08-09,2026-08-09
the-menopause-support-network-facebook,The Menopause Support Network,community-facebook,facebook,https://www.facebook.com/groups/384849495215750/,,,,,menopause peer-support group,,dm,awareness,"Athena UraGuard is a thin, discreet barrier liner worn inside any pad or underwear that helps keep skin drier during the bladder changes many women notice in perimenopause and menopause — offered as a value-first resource or admin partnership, not a promotional push.",prospecting,P2,fb-group-search,"WebSearch 'facebook group menopause support women' and '""The Menopause Support Network"" facebook group members' — URL/title cross-confirmed across two independent search result sets","wedge=compliant. Real, cross-confirmed via two separate WebSearch result sets citing the same URL/title; a direct WebFetch attempt returned only a bare 'Facebook' header (likely a transient block), but title match via search is solid; size/admin not found.",2026-08-09,2026-08-09
menopause-support-wellness-for-strong-women-facebook,Menopause Support & Wellness for Strong Women,community-facebook,facebook,https://www.facebook.com/groups/725440067660769/,,,,,menopause peer-support/wellness group,,dm,awareness,"Athena UraGuard is a thin, discreet barrier liner worn inside any pad or underwear that helps keep skin drier during the bladder changes many women notice in perimenopause and menopause — offered as a value-first resource or admin partnership, not a promotional push.",prospecting,P2,fb-group-search,WebSearch 'facebook group menopause support women',wedge=compliant. Confirmed real via WebFetch title match; size/admin unconfirmed.,2026-08-09,2026-08-09
peri-menopause-menopause-support-group-facebook,Peri-Menopause & Menopause Support Group,community-facebook,facebook,https://www.facebook.com/groups/1440918999316730/,,,,,perimenopause/menopause peer-support group,,dm,awareness,"Athena UraGuard is a thin, discreet barrier liner worn inside any pad or underwear that helps keep skin drier during the bladder changes many women notice in perimenopause and menopause — offered as a value-first resource or admin partnership, not a promotional push.",prospecting,P2,fb-group-search,WebSearch 'facebook group perimenopause support',wedge=compliant. Confirmed real via WebFetch title match; size/admin unconfirmed.,2026-08-09,2026-08-09
sandwich-generation-support-for-caregivers-of-elderly-parent-facebook,Sandwich Generation: Support for Caregivers of Elderly Parents,community-facebook,facebook,https://www.facebook.com/groups/223725111415361/,,,,,peer-support group for 'sandwich generation' caregivers (aging parents + kids),,dm,awareness,"Athena UraGuard is a thin barrier liner worn inside any incontinence product to keep skin drier overnight, which could help members here bring more comfort, dignity, and discretion to the aging parents they care for — we'd approach this as a value-first educational share or admin partnership, not a hard sell.",prospecting,P2,fb-group-search,"WebSearch 'facebook group ""sandwich generation"" caregivers'","wedge=compliant. Confirmed real via WebFetch title match; size/admin unconfirmed; audience = midlife caregivers, likely high overlap with both the caregiver-buyer and the menopause-age buyer personas.",2026-08-09,2026-08-09
parenting-aging-parents-facebook,Parenting Aging Parents,community-facebook,facebook,https://www.facebook.com/groups/parentingagingparents/,parentingagingparents,,,,eldercare peer-support group (trademarked brand name),,dm,awareness,"Athena UraGuard is a thin barrier liner worn inside any incontinence product to keep skin drier overnight, which could help members here bring more comfort, dignity, and discretion to the aging parents they care for — we'd approach this as a value-first educational share or admin partnership, not a hard sell.",prospecting,P2,fb-group-search,WebSearch 'facebook group caregivers aging parents support',wedge=compliant. Confirmed real via WebFetch title match ('Parenting Aging Parents®'); the registered trademark suggests a branded coaching/education business behind it — likely has a site with a bookable contact path that wasn't located yet; size unconfirmed.,2026-08-09,2026-08-09
caregivers-connect-facebook,Caregivers Connect,community-facebook,facebook,https://www.facebook.com/groups/CaregiversConnect/,CaregiversConnect,,,,caregiver peer-support group (sponsored by Lively medical-alert brand),,dm,awareness,"Athena UraGuard is a thin barrier liner worn inside any incontinence product to keep skin drier overnight, which could help members here bring more comfort, dignity, and discretion to the aging parents they care for — we'd approach this as a value-first educational share or admin partnership, not a hard sell.",prospecting,P2,fb-group-search,"WebSearch 'facebook group ""caregivers connect"" elderly parents'; DailyCaring caregiver-groups roundup","wedge=compliant. Confirmed real via WebFetch title match; sponsored by Lively (medical alert device brand) per DailyCaring — shows brand partnerships are accepted here, but also means shared attention with an existing sponsor; size/admin unconfirmed.",2026-08-09,2026-08-09
dementia-alzheimers-family-caregiver-support-facebook,Dementia/Alzheimers Family Caregiver Support,community-facebook,facebook,https://www.facebook.com/groups/1490883851158632/,,,,,dementia/Alzheimer's family caregiver peer-support group,,dm,awareness,"Athena UraGuard is a thin barrier liner worn inside any incontinence product that keeps skin drier overnight, offering dementia caregivers here an easy way to add comfort and dignity to a loved one's care routine — happy to share it value-first or partner with admins on an educational post, never a hard sell.",prospecting,P3,fb-group-search,WebSearch 'facebook group dementia caregivers support',wedge=compliant. Confirmed real via WebFetch title match; size/admin unconfirmed; generic small-group naming pattern similar to several other dementia groups surfaced in this pass — treat as a backup/lower-priority outreach target.,2026-08-09,2026-08-09
agingcare-caregiver-forum-forum,AgingCare Caregiver Forum,community-forum,website,https://www.agingcare.com/caregiver-forum,,"2,382 incontinence-tagged questions, 118 discussions; thousands of active members, daily posts",,,caregiver forum (incontinence-focused topic area),ConsumerFeedback@aplaceformom.com,email,awareness,"AgingCare's caregiver community actively discusses incontinence care for aging parents, so Athena UraGuard could offer genuinely useful, non-promotional guidance on discreet barrier liners that help keep skin drier overnight.",prospecting,P0,websearch-serp,AgingCare forum incontinence caregiver community,"wedge=compliant — very active daily forum (thousands of members, continuous posting, threads with 2,000+ replies); engage by answering questions in the Incontinence topic area, or pitch a content partnership to AgingCare/A Place for Mom (parent company).",2026-08-09,2026-08-09
alzconnected-alzheimer-s-association-forum,ALZConnected (Alzheimer's Association),community-forum,website,https://alzconnected.org/discussions,,251+ members across visible discussion groups; active threads dated through Aug 2026,,,dementia caregiver forum,media@alz.org,email,awareness,"Dementia caregivers on ALZConnected frequently discuss nighttime incontinence and skin breakdown, making it a strong fit for Athena UraGuard to share dignity-first guidance on discreet liners that support drier overnight care.",prospecting,P0,websearch-serp,ALZConnected forum Alzheimer's Association caregiver community,"wedge=compliant — confirmed active with 2026-dated threads (posts from Mar/Jun/Jul 2026); official Alzheimer's Association community; engage by posting helpful replies in caregiving discussions, or contact the Association's PR team first about a partnership.",2026-08-09,2026-08-09
inspire-caregivers-support-community-forum,Inspire — Caregivers Support Community,community-forum,website,https://www.inspire.com/groups/caregivers/,,part of Inspire's 10M+ visitors/year across 250+ condition communities,,,general caregiver forum,,contact-form,awareness,"Family caregivers on Inspire's Caregivers community regularly trade practical advice, making it a good venue for Athena UraGuard to contribute helpful, dignity-first guidance on discreet liners for a loved one's overnight incontinence care.",prospecting,P1,websearch-serp,Inspire.com caregiver community aging parents,"wedge=compliant — hosted on Inspire, the largest patient/caregiver network (distinct from the ICA group already in CRM); engage via inspire.com/contact/ to discuss verified-member or partner participation before posting.",2026-08-09,2026-08-09
inspire-perimenopause-and-menopause-community-national-menop-forum,Inspire — Perimenopause and Menopause Community (National Menopause Foundation),community-forum,website,https://www.inspire.com/groups/national-menopause-foundation/,,,,"Claire Gill (Founder & President, NMF)",menopause forum,info@nationalmenopausefoundation.org,email,awareness,"Women in the National Menopause Foundation's Inspire community discussing midlife bladder changes could welcome Athena UraGuard's dignity-first guidance on staying dry and discreet, offered as a value-add rather than a sales pitch.",prospecting,P0,websearch-serp,"HealthUnlocked ""menopause and perimenopause support"" members posts (surfaced inspire.com/groups/national-menopause-foundation)","wedge=compliant — official NMF-sponsored Inspire community, confirmed via NMF's own site as their official partnership; engage by contacting NMF directly about a partner/content collaboration before posting.",2026-08-09,2026-08-09
inspire-red-hot-mamas-menopause-support-community-forum,Inspire — Red Hot Mamas Menopause Support Community,community-forum,website,https://www.inspire.com/groups/red-hot-mamas-menopause/,,multiple active discussion threads; host org's programs licensed in 250+ hospitals/practices,,"Karen Giblin (President & Founder, Red Hot Mamas)",menopause forum,info@redhotmamas.org,email,awareness,"Red Hot Mamas' Inspire community members navigating midlife bladder changes could value Athena UraGuard partnering with the organization to share practical, dignity-first tips on thin, discreet liners.",prospecting,P0,websearch-serp,"""Red Hot Mamas"" menopause organization Inspire community members","wedge=compliant — active discussion threads (e.g. 'Hi Hot Ladies!!', 'Zoom Support Group', 'Help with menopause'); Red Hot Mamas is an established nonprofit since 1991; engage via info@redhotmamas.org to propose a partnership before posting.",2026-08-09,2026-08-09
menopause-matters-forum-forum,Menopause Matters Forum,community-forum,website,https://www.menopausematters.co.uk/forum/index.php,,daily posting activity; women-only registration,UK,Dr. Heather Currie (Founder/Managing Director),menopause forum,info@menopausematters.co.uk,email,awareness,"Menopause Matters' active peer forum is a natural, value-first place for Athena UraGuard to share discreet, dryness-focused liner guidance for members navigating menopausal bladder changes.",prospecting,P0,websearch-serp,"""Menopause Matters"" forum UK site:menopausematters.co.uk","wedge=compliant — one of the UK's best-known menopause forums, posts daily; engage by registering as a member to answer questions, or email re: sponsored content (advertising@menopausematters.co.uk also available).",2026-08-09,2026-08-09
the-national-association-for-continence-community-forum-forum,The National Association For Continence Community (Forum),community-forum,website,https://forum.nafc.org/,,"494 messages/128 threads in General Discussion; 53,000+ messages/4,200+ threads archived",,,continence/incontinence forum,,contact-form,awareness,"NAFC's forum members already troubleshoot incontinence management day to day, making it a strong fit for Athena UraGuard to add genuinely useful, dignity-focused guidance on thin barrier liners for overnight dryness.",prospecting,P0,websearch-serp,bladder leak forum community women,"wedge=compliant — active into 2026 (NAFC's own survey/volunteer posts plus real member threads like '32 Years Old & Just Got Diagnosed'), though some unrelated spam clutter is present; distinct URL/product from the NAFC bHealth blog page already in CRM; engage via nafc.org/contact for a partnership before posting.",2026-08-09,2026-08-09
mayo-clinic-connect-bladder-conditions-support-group-forum,Mayo Clinic Connect — Bladder Conditions Support Group,community-forum,website,https://connect.mayoclinic.org/group/bladder-conditions/,,new group added Dec 2025; active discussions on incontinence/OAB/IC/UTI,,,bladder conditions forum,,contact-form,awareness,"Members of Mayo Clinic Connect's Bladder Conditions group troubleshooting incontinence management could benefit from Athena UraGuard's practical, non-clinical guidance on staying dry and discreet overnight.",prospecting,P0,websearch-serp,Mayo Clinic Connect community incontinence bladder,"wedge=compliant — Mayo Clinic-hosted, moderated group covering incontinence/OAB/IC/UTI/bladder pain; engage via the contact-a-community-moderator form — go formal/slow given Mayo's clinical brand.",2026-08-09,2026-08-09
mayo-clinic-connect-menopause-support-group-forum,Mayo Clinic Connect — Menopause Support Group,community-forum,website,https://connect.mayoclinic.org/group/menopause/,,,,,menopause forum,,contact-form,awareness,"Members of Mayo Clinic Connect's Menopause group discussing midlife bladder changes could welcome Athena UraGuard's practical, dignity-first guidance on staying dry and discreet, shared as peer information rather than a pitch.",prospecting,P1,websearch-serp,"menopause forum ""posts today"" OR ""new posts"" active 2026","wedge=compliant — Mayo Clinic-hosted menopause group (HRT, hot flashes, sleep, mood, general symptoms); same moderator-contact process as the Bladder Conditions group; go formal/slow given Mayo's clinical brand.",2026-08-09,2026-08-09
bladder-health-uk-forums-forum,Bladder Health UK Forums,community-forum,website,https://cobf.websitetoolbox.com/,,,UK,,bladder/continence charity forum,millie@bladderhealthuk.org,email,awareness,"Bladder Health UK's forum members living with cystitis, overactive bladder, and incontinence could benefit from Athena UraGuard partnering with the charity to share discreet, dryness-focused liner guidance.",prospecting,P1,websearch-serp,"""HealthUnlocked"" ""Bladder Health UK"" community forum","wedge=compliant — registered UK charity (#1149973), described as the largest bladder patient-support charity in the UK, runs a chat room/forum via WebsiteToolbox; engage via millie@bladderhealthuk.org to propose a partnership.",2026-08-09,2026-08-09
smart-patients-postpartum-community-forum,Smart Patients — Postpartum Community,community-forum,website,https://www.smartpatients.com/communities/postpartum,,"24/7 active board, PSI-moderated",,,postpartum forum,info@smartpatients.com,email,awareness,"New mothers on the PSI-moderated Smart Patients postpartum board managing postpartum bladder leakage could value Athena UraGuard's discreet, dignity-first liner guidance offered as a genuine resource, not a pitch.",prospecting,P1,websearch-serp,postpartum recovery forum community online support,"wedge=compliant — run in partnership with Postpartum Support International (PSI), available 24/7; engage via info@smartpatients.com to propose contributing helpful content.",2026-08-09,2026-08-09
incontinence-support-forum-incontinence-resource-center-forum,Incontinence Support Forum (Incontinence Resource Center),community-forum,website,https://www.incontinencesupport.info/forum.htm,,"long-running board, no registration required, deep historical archive of posts",,,incontinence forum,,contact-form,awareness,"This long-running, open-access incontinence forum is an ideal value-first venue for Athena UraGuard to share genuinely useful guidance on thin, discreet barrier liners for overnight dryness.",prospecting,P1,websearch-serp,incontinencesupport.info forum message board,"wedge=compliant — active for years, strict no-advertising rule so must engage as a genuine contributor, not a marketer; existing named sponsors include Northshore Care Supply, Parentgiving, XP Medical; contact via the site's listed email/Facebook links in its nav menu.",2026-08-09,2026-08-09
patientslikeme-urge-urinary-incontinence-community-forum,PatientsLikeMe — Urge Urinary Incontinence Community,community-forum,website,https://www.patientslikeme.com/conditions/urge-urinary-incontinence,,"637 members in the urge-incontinence condition community; parent platform has 850,000+ members",,Joy Morel (media contact),incontinence condition community,jmorel@patientslikeme.com,email,awareness,"The 600+ members in PatientsLikeMe's urge-incontinence community actively compare management options, making it a good fit for Athena UraGuard to contribute honest, dignity-focused guidance on discreet liners.",prospecting,P0,websearch-serp,PatientsLikeMe community urinary incontinence,"wedge=compliant — platform confirmed active in 2026 (UnitedHealth-owned since 2023, 850k+ members, app updated May 2026); engage via PatientsLikeMe's media/partnerships contact before posting.",2026-08-09,2026-08-09
well-spouse-association-forum-forum,Well Spouse Association Forum,community-forum,website,https://wellspouse.org/,,"membership-gated (free 1st year, then paid); real active member forum",,,spousal caregiver forum,info@wellspouse.org,email,awareness,"Spousal caregivers in Well Spouse's members-only forum managing a partner's incontinence could value Athena UraGuard partnering with WSA to share discreet, dryness-first liner guidance.",prospecting,P2,websearch-serp,Well Spouse Association forum caregiver support,"wedge=compliant — real forum (since 1988) but gated behind free-then-paid membership, limiting direct posting access; better approached as an org partnership via info@wellspouse.org than as a direct forum contributor.",2026-08-09,2026-08-09
patient-info-community-kidney-and-urinary-tract-forum,Patient.info Community — Kidney and Urinary Tract,community-forum,website,https://community.patient.info/c/kidney-and-urinary-tract/15,,"3,921 discussions in this category",UK,,kidney/urinary patient forum,,contact-form,awareness,"Patient.info's active kidney and urinary tract community frequently discusses incontinence management, making it a good fit for Athena UraGuard to share helpful, discretion-focused liner guidance.",prospecting,P1,websearch-serp,"community.patient.info categories ""Kidney and urinary tract"" url","wedge=compliant — large, active UK patient community (part of Patient.info, a major UK health-info site; also has Women's Health and Hormones categories covering menopause); engage via patient.info/contact-us to propose a press/expert-contribution angle before posting.",2026-08-09,2026-08-09
menohello-menopause-community-forum-forum,MenoHello Menopause Community & Forum,community-forum,website,https://www.menohello.com/menopause-community/forum,,,,Theresa Mount (Founder),menopause forum,,contact-form,awareness,"MenoHello's peer-support members discussing menopause symptoms, including bladder changes, could welcome Athena UraGuard's dignity-first guidance on discreet, dry liner options.",prospecting,P2,websearch-serp,menohello.com menopause community forum real active,"wedge=compliant — free, easy-registration peer forum founded by Theresa Mount, PA; smaller/newer than other menopause forums and current activity level not independently confirmed; engage via site contact form.",2026-08-09,2026-08-09
peanut-menopause-community-forum,Peanut Menopause Community,community-forum,website,https://www.peanut-app.io/menopause-community,,part of Peanut's 5M+ monthly active users,,,menopause community (app-based),,contact-form,awareness,"Peanut's menopause community offers a values-aligned space for Athena UraGuard to share dignity- and discretion-focused guidance on managing midlife bladder changes, positioned as peer support rather than a pitch.",prospecting,P2,websearch-serp,Peanut app menopause community forum,"wedge=compliant — app-based community (group chats + live audio 'Pods'), not a classic web forum, but a real, well-funded platform (founded by Michelle Kennedy, London); engage via Peanut's press/partnerships contact rather than direct posting.",2026-08-09,2026-08-09
the-caregiver-space-forums-forum,The Caregiver Space (Forums),community-forum,website,https://www.thecaregiverspace.org/forums/,,662 forum topics; 24/7 active community,,,caregiver forum,info@thecaregiverspace.org,email,awareness,"Caregivers on The Caregiver Space's 24/7 forum discussing dementia and eldercare could value Athena UraGuard's discreet, dignity-first guidance on managing a loved one's overnight incontinence.",prospecting,P1,websearch-serp,thecaregiverspace.org community forum real active,"wedge=compliant — active nonprofit forum (662 topics, moderated chats most days), NYC-based, founded 2012; engage via info@thecaregiverspace.org to propose contributing content.",2026-08-09,2026-08-09
r-overactivebladder-reddit,r/OveractiveBladder,community-reddit,reddit,https://www.reddit.com/r/OveractiveBladder/,r/OveractiveBladder,8.7K members,,,overactive bladder (OAB) / urinary urgency support subreddit,,dm,awareness,"Members managing OAB urgency and occasional accidents care about staying dry and confident between bathroom trips, which lines up with a barrier liner built for discreet dryness — best raised via modmail/value comments, not a promo drop.",prospecting,P0,reddit,"DuckDuckGo search snippet citing RedditList stats page ('r/OveractiveBladder Stats & Best Posting Times... 8,677 subscribers')","wedge=compliant; 8,677 members per RedditList; self-promo rules not independently confirmed — assume restricted, modmail first",2026-08-09,2026-08-09
r-pelvicfloor-reddit,r/PelvicFloor,community-reddit,reddit,https://www.reddit.com/r/PelvicFloor/,r/PelvicFloor,~56K members,,,pelvic floor dysfunction support subreddit,,dm,awareness,"Pelvic floor dysfunction is one of the most common drivers of stress/urge incontinence, so members already troubleshooting leakage may value a thin liner for discreet extra dryness — engage through modmail/value comments first, not a link drop.",prospecting,P0,reddit,"DuckDuckGo search snippets: subreddit description ('Support for sufferers of Pelvic Floor Dysfunction'); member counts from Gummysearch ('56k members') and an older in-thread mention ('27K subscribers', ~2019)","wedge=compliant; ~56K members per Gummysearch (grown from 27K in 2019); self-promo rules unverified directly — assume restricted, lead with value via modmail",2026-08-09,2026-08-09
r-cuti-reddit,r/CUTI,community-reddit,reddit,https://www.reddit.com/r/CUTI/,r/CUTI,12K members,,,chronic/recurrent UTI (CUTI) support subreddit,,dm,awareness,"Members dealing with chronic UTI often layer extra protection during flares or bladder-training setbacks, so a thin discreet liner (not a treatment or preventive) can be a gentle, relevant mention via modmail/value comments, never a promo post.",prospecting,P0,reddit,"DuckDuckGo search snippets: subreddit description ('international community for patients with...Chronic UTI aka CUTI') and Gummysearch citation ('r/CUTI is a subreddit with 12k members... large in size, high activity')",wedge=uti; ~12K members per Gummysearch (one older source cited a lower ~4K figure; treating 12K as more current/consistent across two lookups); rules unverified directly — assume no-solicitation norm typical of chronic-illness subs,2026-08-09,2026-08-09
r-utis-reddit,r/utis,community-reddit,reddit,https://www.reddit.com/r/utis/,r/utis,3.8K members,,,acute UTI support/venting subreddit,,dm,awareness,"Members swapping UTI coping stories are a natural, low-key audience for a discreet-dryness liner mention framed as peer value in comments/modmail, never as a promotional post or a UTI-prevention claim.",prospecting,P1,reddit,"DuckDuckGo search snippet: subreddit description ('we hate urinary tract infections !!! ask questions...vent') and Reddifier.com citing '3,772 members'","wedge=uti; 3,772 members per Reddifier; that same third-party tool flagged self-promotion as 'generally allowed' but this is an unverified engagement-metric estimate, not the sub's actual rules — confirm with mods before posting",2026-08-09,2026-08-09
r-pelvicorganprolapse-reddit,r/PelvicOrganProlapse,community-reddit,reddit,https://www.reddit.com/r/PelvicOrganProlapse/,r/PelvicOrganProlapse,1.4K members,,,pelvic organ prolapse (POP) support subreddit,,dm,awareness,"Prolapse very often travels with stress incontinence, so this small but exact-fit community may welcome a considerate, non-clinical mention of a thin barrier liner for discreet dryness via modmail given the group's small, close-knit size.",prospecting,P1,reddit,DuckDuckGo search snippet showing subreddit page with '1.4K Subscribers' and description ('community geared towards women suffering with any form of Pelvic Organ Prolapse'),"wedge=compliant; 1.4K members, small/tight-knit; rules unverified directly — small support subs often strictly limit promotion, lead with genuine engagement",2026-08-09,2026-08-09
r-cna-reddit,r/CNA,community-reddit,reddit,https://www.reddit.com/r/CNA/,r/CNA,~48K-70K members,,,certified nursing assistant (CNA) professional subreddit,,dm,awareness,"CNAs handle hands-on incontinence care for residents/patients daily, so a peer-to-peer mention of a discreet liner that improves skin dryness during shift care could be genuinely useful shared as a care tip via modmail, not as an ad.",prospecting,P1,reddit,"DuckDuckGo search snippets citing RedditList ('69,599 subscribers'), reddstats.com ('48298 subscribers'), and an in-thread reference to '41K subscribers' — counts vary by snapshot date/tool","wedge=compliant; estimates range ~48K-70K members depending on source/date; professional sub likely restricts vendor promotion — confirm rules with mods, frame as care-tip not sales",2026-08-09,2026-08-09
r-homehealthaide-reddit,r/HomeHealthAide,community-reddit,reddit,https://www.reddit.com/r/HomeHealthAide/,r/HomeHealthAide,1K members,,,home health aide / in-home care worker subreddit,,dm,awareness,"HHAs directly manage incontinence care for clients in private homes, so a practical mention of a thin barrier liner that adds dryness between changes fits naturally as shared care know-how via modmail/value comments, not a promo post.",prospecting,P1,reddit,"DuckDuckGo search snippet: subreddit description ('forum for home care workers... HHA work is done mostly in private homes') and member count '1,000 (1k)'","wedge=compliant; ~1K members, small niche professional sub; self-promo rules unverified directly — assume restricted, engage as peer offering care tips",2026-08-09,2026-08-09
r-dementia-caregiver-reddit,r/dementia_caregiver,community-reddit,reddit,https://www.reddit.com/r/dementia_caregiver/,r/dementia_caregiver,,,,dementia caregiver support subreddit,,dm,awareness,"Dementia caregivers deal with incontinence management constantly and often trade practical product tips, so a respectful, non-clinical mention of a discreet dryness liner could add real value via modmail given this is a small, personal support space.",prospecting,P1,reddit,DuckDuckGo search snippet showing the subreddit's own moderator-written description ('I am on my second caretaker journey... this space is for people who get what we are going through'),"wedge=compliant; member count not surfaced via search (small/niche, likely low thousands or fewer); distinct from excluded r/CaregiverSupport and r/dementia — confirm rules with mods before any mention given small tight-knit size",2026-08-09,2026-08-09
r-hospice-reddit,r/hospice,community-reddit,reddit,https://www.reddit.com/r/hospice/,r/hospice,14K members,,,hospice patients/families/caregivers/staff subreddit,,dm,awareness,"End-of-life caregivers and hospice staff manage comfort and dignity for bedbound patients daily, so a considerate mention of a discreet dryness liner as a comfort-care option could be welcome via modmail with genuine value, never a hard sell.",prospecting,P1,reddit,"DuckDuckGo search snippets: subreddit's own description ('safe space for all to communicate about hospice... patients, families, caregivers, Hospice & Palliative Care staff') and Gummysearch citing '14k members'","wedge=compliant; ~14K members per Gummysearch; sensitive end-of-life context — outreach must stay low-key/value-first via modmail, never sales-forward, rules likely restrict promotion",2026-08-09,2026-08-09
r-nursinghome-reddit,r/nursinghome,community-reddit,reddit,https://www.reddit.com/r/nursinghome/,r/nursinghome,2K members,,,nursing home / elder-care facility discussion subreddit,,dm,awareness,"Families navigating nursing-home care for a parent often ask about comfort products for dignity and skin health, so a discreet dryness liner mention fits as helpful advice via modmail/value comments, not a promotional post.",prospecting,P2,reddit,"DuckDuckGo search snippet: subreddit description ('subreddit to discuss the care of the elderly and others in care facilities') and member count '2,000 members'; distinguished from smaller r/nursinghomes (346 members)","wedge=compliant; ~2K members; mixed audience of family advocates and residents/workers; rules unverified directly — treat cautiously, lead with advice not promotion",2026-08-09,2026-08-09
r-homehealthcare-reddit,r/homehealthcare,community-reddit,reddit,https://www.reddit.com/r/homehealthcare/,r/homehealthcare,2K members,,,home health care discussion subreddit,,dm,awareness,"Home health care discussions already cover product reviews and senior-care routines, so a genuine mention of a discreet dryness liner for in-home incontinence care could add value via modmail/comments, respecting no-promo norms.",prospecting,P2,reddit,"DuckDuckGo search snippet (description pattern: 'advice requests and solution requests... reviews, care, healthcare, seniors, home health care') and member count '2,000 (2k)'","wedge=compliant; ~2K members, small/generic community; self-promo rules unverified directly — assume standard restriction, value-first approach",2026-08-09,2026-08-09
r-seniors-reddit,r/Seniors,community-reddit,reddit,https://www.reddit.com/r/Seniors/,r/Seniors,3.1K members,,,general senior-living / aging discussion subreddit,,dm,awareness,"Seniors and their families discussing daily living and care-facility topics are a natural, if small, audience for a dignity-focused dryness product mention via modmail/value comments, never a direct promo post.",prospecting,P2,reddit,"DuckDuckGo search snippet showing subreddit description ('Articles and discussion for those in their golden years'), member count '3,104 subscribers', ~1 new member/day, community age 16 years","wedge=compliant; 3,104 members, slow-growth/small sub; rules unverified directly — assume restricted, lead with genuine engagement",2026-08-09,2026-08-09
r-womenshealth-reddit,r/WomensHealth,community-reddit,reddit,https://www.reddit.com/r/WomensHealth/,r/WomensHealth,~194K members,,,general women's health discussion subreddit,,dm,awareness,"As a large general women's-health hub where perimenopause and pelvic-health threads regularly surface, occasional dignity/discretion-focused mentions could land well woven into relevant threads rather than posted as ads — confirm norms via modmail first.",prospecting,P2,reddit,"DuckDuckGo search snippets citing reddapi.dev ('194,075 subscribers'), gummysearch.com ('193k members'), and reddifier.com ('192,935 members') — strong cross-source agreement","wedge=compliant; ~194K members (consistent across 3 sources); large general-health sub likely has strict no-advertising rules — confirm with mods, engage as community member first",2026-08-09,2026-08-09
r-multiplesclerosis-reddit,r/MultipleSclerosis,community-reddit,reddit,https://www.reddit.com/r/MultipleSclerosis/,r/MultipleSclerosis,77K members,,,multiple sclerosis patient/caregiver support subreddit,,dm,awareness,"Neurogenic bladder issues are common in MS, so members managing unpredictable urgency may welcome a low-key, non-clinical mention of a discreet dryness liner shared as peer experience via modmail/value comments, not as an ad.",prospecting,P2,reddit,"DuckDuckGo search snippets citing reddapi.dev ('77,215 subscribers') and gummysearch.com ('77k members'), with historical growth context from a 2019 post ('11k subscribers' at the time)","wedge=compliant; 77,215 members per reddapi.dev; secondary-fit condition (neurogenic bladder affects a subset of members, not all) — target relevant threads only, confirm promo rules with mods",2026-08-09,2026-08-09
r-nursing-reddit,r/nursing,community-reddit,reddit,https://www.reddit.com/r/nursing/,r/nursing,1.1M members,,,general nursing professional subreddit,,dm,awareness,"As the largest nursing hub on Reddit, relevance is mostly limited to niche geriatric/incontinence-care threads, so any mention should be a genuine peer tip in context rather than a broad promo post, given the sub's size and likely strict rules.",prospecting,P3,reddit,"DuckDuckGo search snippet citing RedditList ('r/nursing is a Reddit community with 1,132,761 subscribers') and gummysearch.com ('1.1M members'), cross-referenced against an archival 2021 milestone post ('437K subscribers... hit 200k')","wedge=compliant; 1.1M+ members, huge/broad general nursing sub — almost certainly bans vendor self-promotion at this scale; only viable via authentic individual participation, not brand outreach",2026-08-09,2026-08-09
r-postpartumrecovery-reddit,r/PostpartumRecovery,community-reddit,reddit,https://www.reddit.com/r/PostpartumRecovery/,r/PostpartumRecovery,,,,postpartum physical recovery support subreddit,,dm,awareness,"Postpartum urinary leakage is extremely common during physical recovery, so a gentle, non-clinical mention of a discreet dryness liner fits naturally among members' recovery-product discussions via modmail/value comments, not a promo post.",prospecting,P2,reddit,"DuckDuckGo search snippet: subreddit's own description ('safe place to talk about the process of postpartum recovery. This includes...physical changes in the body, medical issues and postpartum mood disorders')",wedge=compliant; member count not surfaced via search (reddit blocks direct scraping); distinct from excluded r/beyondthebump and r/postpartumdepression — confirm rules with mods before any mention,2026-08-09,2026-08-09
keeping-it-real-caregiving-blog,Keeping It REAL Caregiving,creator-blog,website,https://keepingitrealcaregiving.substack.com,,,,Julia Yarbough,family caregiver blogger / Substack newsletter writer,,contact-form,awareness,"A discreet, thin liner worn inside whatever brief a loved one already wears, aimed at the overnight dryness and dignity struggles you've written about firsthand.",prospecting,P0,websearch-serp,"""caring for mom"" OR ""caring for dad"" blog incontinence adult diapers",wedge=compliant; published a personal essay specifically titled 'When Adult Diapers Go Bad' — direct topical match; no confirmed guest-post policy but writes first-person product/experience pieces; contact via Substack subscribe/comments,2026-08-09,2026-08-09
age-of-majority-blog,Age of Majority,creator-blog,website,https://www.ageofmajority.com,@ChiefEvagelist,,,Jeff Weiss,"55+ marketing/media site, President/CEO and personal product reviewer",jeff@ageofmajority.com,email,awareness,"A physician-founded barrier liner that slips inside any adult incontinence brief for added overnight dryness, without asking someone to switch products they're already comfortable with.",prospecting,P0,websearch-serp,"senior product review blog ""affiliate disclosure"" adult diapers caregiver",wedge=compliant; CEO personally reviewed adult diapers on-site and the site explicitly invites reader product suggestions/contributions; direct email confirmed,2026-08-09,2026-08-09
senior-affair-magazine-blog,Senior Affair Magazine,creator-blog,website,https://senioraffair.com,,,,Greg,"senior lifestyle online magazine, product reviewer",greg@senioraffair.com,email,awareness,"A thin, discreet liner worn inside existing adult diapers/briefs for extra overnight leak security and dryness — fits your product-review format.",prospecting,P0,websearch-serp,best incontinence products blog roundup independent reviewer not brand,wedge=compliant; published a dedicated adult-diaper brand review (Wellness Briefs/NASA-tech); Amazon Associates affiliate model confirms openness to product reviews; active May-Aug 2026 posts,2026-08-09,2026-08-09
caregiver-corner-elderdepot-blog,Caregiver Corner (ElderDepot),creator-blog,website,https://www.caregivercorner.com,,,,,caregiving blog run by medical/incontinence-supply retailer ElderDepot,blog@elderdepot.com,email,awareness,"A physician-founded barrier liner worn inside any brief a caregiver already uses, focused on keeping skin drier overnight without changing products.",prospecting,P1,websearch-serp,"""family caregiver"" blog guest post submission","wedge=compliant; explicit guest-contributor page ('Be a Guest Contributor'); no compensation and no affiliate/promo links allowed in guest posts, but strong topical + commercial adjacency (parent site sells incontinence supplies)",2026-08-09,2026-08-09
daughterhood-blog,Daughterhood,creator-blog,website,https://daughterhood.org,,,,Anne Tumlinson,"nonprofit founder, daughter-caregiver advocate",info@daughterhood.org,email,awareness,"For daughters managing a parent's incontinence care, a thin liner worn inside their existing product adds overnight dryness and dignity without disrupting routine.",prospecting,P1,websearch-serp,caregiver blog aging parent write for us,"wedge=compliant; recently achieved 501(c)(3) status, active blog + podcast + social channels in 2026, founded by well-known aging-policy figure Anne Tumlinson; no product-review path confirmed, awareness/story angle only",2026-08-09,2026-08-09
minding-our-elders-blog,Minding Our Elders,creator-blog,website,https://mindingourelders.com,,,,Carol Bradley Bursack,"eldercare columnist, author, NCCDP-certified dementia support facilitator",,contact-form,awareness,"A discreet barrier liner that layers inside any adult incontinence product a caregiver is already using, aimed at overnight dryness and preserving a loved one's dignity.",prospecting,P1,websearch-serp,"elderly parent care blog ""contact us"" independent blogger","wedge=compliant; one of the longest-running eldercare blogs (since 2005), also a syndicated newspaper columnist and book author; contact form at mindingourelders.com/home-2/about/contact/",2026-08-09,2026-08-09
parenting-our-parents-pop-foundation-blog,Parenting Our Parents (POP Foundation),creator-blog,website,https://parentingourparents.org/blog/,,,"Los Angeles, CA",Jane Wolf Frances,"geriatric specialist, nonprofit founder",Contact@ParentingOurParents.org,email,awareness,"A physician-founded, thin barrier liner that adds overnight leak security and dryness inside whatever incontinence product a parent already wears.",prospecting,P1,websearch-serp,feedspot top caregiver blogs list,"wedge=compliant; fiscally-sponsored nonprofit (Creative Visions Foundation), active blog through Feb 2026 (National Caregivers Day post); offers family coaching + community forums",2026-08-09,2026-08-09
advocate-for-mom-dad-blog,Advocate for Mom & Dad,creator-blog,website,https://advocateformomanddad.com,,,"Lawrenceville, NJ",Deb Hallisey,caregiving consultant and blogger,deb@advocateformomanddad.com,email,awareness,A discreet liner worn inside an existing brief to add overnight dryness and dignity for the aging parents your readers advocate for.,prospecting,P1,websearch-serp,feedspot top caregiver blogs list,wedge=compliant; consultant explicitly available for 'guest blog articles' per her own contact page; covers legal/financial/insurance + caregiving content,2026-08-09,2026-08-09
careliving-org-blog,CareLiving.org,creator-blog,website,https://www.careliving.org,@carelivingorg,,,Kim Campbell,Alzheimer's caregiver advocate (widow of musician Glen Campbell),,contact-form,awareness,A thin barrier liner worn inside any incontinence product for overnight dryness and discretion — relevant for caregivers navigating a loved one's changing care needs.,prospecting,P2,websearch-serp,feedspot top caregiver blogs list,"wedge=compliant; high-profile founder, site features guest specialists/musicians/doctors; most recent confirmed post dated 2023 — verify current posting cadence before outreach",2026-08-09,2026-08-09
ageright-blog-blog,AgeRight Blog,creator-blog,website,https://ageright.org,,,Massachusetts,,senior-living operator's content hub (Senior Living Residences LLC),,contact-form,awareness,A physician-founded barrier liner that adds overnight dryness and discretion inside any adult incontinence product a resident or family member already uses.,prospecting,P1,websearch-serp,"""family caregiver"" blog guest post submission","wedge=compliant; published Guest Blogger Guidelines (max 1000 words, author bio + photo, educational/non-promotional tone); submission via a form referenced in guidelines, no direct email found",2026-08-09,2026-08-09
this-chair-rocks-things-i-used-to-say-blog,This Chair Rocks / Things I Used to Say,creator-blog,website,https://thischairrocks.com,,"7,000+ Substack subscribers (newsletter)","Brooklyn, NY",Ashton Applewhite,"author/activist, anti-ageism blogger and TED speaker",ashton@thischairrocks.com,email,awareness,"A discreet, dignity-first barrier liner designed for women managing incontinence who want to stay dry and comfortable without it defining how they age.",prospecting,P2,websearch-serp,aging in place blog contact,"wedge=compliant; prominent anti-ageism author now writes primarily on Substack ('Things I Used to Say,' ashtonapplewhite.substack.com); audience is aging-positive 45+ readers generally, not caregiving-specific, so lead with dignity/discretion framing",2026-08-09,2026-08-09
caring-considerations-blog,Caring Considerations,creator-blog,website,https://caringconsiderations.com/blog/,,,"Merrifield, VA",Heidi Garvis,Aging Life Care Association practice blog (RN care managers),info@caringconsiderations.com,email,awareness,"A thin barrier liner that adds overnight dryness and discretion inside a client's existing incontinence product, relevant to the care-planning guidance you provide families.",prospecting,P3,websearch-serp,aging in place blog contact,wedge=compliant; professional care-management practice blog rather than a personal creator; last confirmed post Oct 2024; no product-review or guest-post path confirmed,2026-08-09,2026-08-09
alzhecare-blog,AlzheCare,creator-blog,website,https://alzhecare.com/blog/,,,,George Gao,solo Alzheimer's caregiver blogger,gaobrother17@gmail.com,email,awareness,A discreet liner worn inside an existing incontinence brief for extra overnight dryness — a small addition that can ease dignity concerns in dementia care.,prospecting,P2,websearch-serp,"Alzheimer's caregiver blog personal story ""about me"" contact","wedge=compliant; personal blog sharing first-hand Alzheimer's caregiving stories, active Feb 2025 posts, personal Gmail contact confirmed",2026-08-09,2026-08-09
mobility-with-love-blog,Mobility With Love,creator-blog,website,https://www.mobilitywithlove.com,,,,,senior mobility/personal-care product review affiliate site,,contact-form,awareness,A thin barrier liner worn inside any adult incontinence product for added overnight dryness and discretion — fits alongside your personal-care product roundups.,prospecting,P2,websearch-serp,weblog.feedspot.com senior-blogs-in-us (100 Best Senior Blogs),wedge=compliant; Amazon-affiliate product-review site covering mobility aids and personal care; no incontinence-specific content confirmed yet and no owner name found; contact via form only,2026-08-09,2026-08-09
aging-in-place-technology-watch-blog,Aging in Place Technology Watch,creator-blog,website,https://www.ageinplacetech.com/blog,,,Florida,Laurie Orlov,aging-tech industry analyst and blogger (ex-Forrester Research),laurie@ageinplacetech.com,email,awareness,A low-tech but high-impact addition to an aging-in-place care routine: a thin liner worn inside existing incontinence products for overnight dryness and discretion.,prospecting,P2,websearch-serp,Laurie Orlov Aging in Place Technology Watch blog,"wedge=compliant; long-running syndicated analyst blog since 2009, award-nominated (ALTY, SeniorHomes.com finalist); audience is family caregivers + boomers researching independence products; direct email found via LinkedIn/Muck Rack",2026-08-09,2026-08-09
aginginplace-com-blog,AginginPlace.com,creator-blog,website,https://aginginplace.com/blog/,,,,Patrick Roden,"RN/PhD gerontologist, aging-in-place resource founder",,contact-form,awareness,"A discreet barrier liner worn inside any adult incontinence product, adding overnight dryness for seniors aiming to stay comfortably independent at home.",prospecting,P3,websearch-serp,"""aginginplace.com"" blog about contact",wedge=compliant; run by Patrick Roden RN PhD (40+ yrs eldercare); advisory board includes a former AARP VP; could not confirm recent post cadence/dates — verify activity before outreach,2026-08-09,2026-08-09
as-our-parents-age-blog,As Our Parents Age,creator-blog,website,https://asourparentsage.net,,,,Marti Weston,family caregiver blogger,asourparentsage@gmail.com,email,awareness,"A thin, discreet liner worn inside a parent's existing incontinence product for overnight dryness and dignity, without the disruption of switching brands.",prospecting,P3,websearch-serp,weblog.feedspot.com aging-blogs-in-us (Top 45 Aging Blogs),"wedge=compliant; long-running personal blog (since 2009) covering downsizing, dementia care, end-of-life and grief; author took a hiatus for family privacy, last confirmed post Jan 2023 — verify current activity before outreach",2026-08-09,2026-08-09
ellen-dolgen-menopause-mondays-blog,Ellen Dolgen / Menopause Mondays,creator-blog,website,https://ellendolgen.com,@EllenDolgen,,,Ellen Dolgen,menopause educator and media personality,,contact-form,awareness,A discreet barrier liner addressing the overnight dryness and confidence concerns many midlife and menopausal women face with bladder leaks.,prospecting,P2,websearch-serp,Ellen Dolgen Flashfree menopause blog,wedge=compliant; 20+ year menopause educator featured on GMA/Katie Couric/HuffPost; contact form has an explicit 'Sponsorship and Ad Placement' inquiry option; incontinence-specific content not confirmed on-site,2026-08-09,2026-08-09
dementia-care-warriors-blog,Dementia Care Warriors,creator-blog,website,https://www.iamacarewarrior.org,@carewarriors,,"DeSoto, TX",Veronica Shanklin,dementia caregiver nonprofit founder (per GuideStar),,contact-form,awareness,"A thin, discreet liner worn inside an existing incontinence product to add overnight dryness and preserve dignity for someone living with dementia.",prospecting,P2,websearch-serp,"""Vee, Myself and I"" dementia caregiver blog OR ""Dementia Care Warriors""","wedge=compliant; 501(c)(3) that evolved from founder's personal blog 'Vee, Myself and I' (started 2015); active on IG/FB/TikTok; contact via form only, no email found",2026-08-09,2026-08-09
speaking-with-care-blog,Speaking With Care,creator-blog,website,https://speakingwithcare.substack.com,,,,Sue Dyson,"former dementia-care nurse, solo newsletter writer",,contact-form,awareness,"A small, dignity-focused addition to dementia care routines: a thin liner worn inside an existing incontinence product for overnight dryness.",prospecting,P3,websearch-serp,"""Vee, Myself and I"" dementia caregiver blog OR ""Dementia Care Warriors""",wedge=compliant; small/niche Substack by a former dementia-care nurse turned solopreneur; self-describes inconsistent posting cadence; contact via Substack only,2026-08-09,2026-08-09
familyrapport-blog,FamilyRapport,creator-blog,website,https://familyrapport.com/blog.html,,,,,eldercare companionship service with an active blog,,contact-form,awareness,A discreet barrier liner that adds overnight dryness and dignity inside a parent's existing incontinence product — a small comfort upgrade adult children can arrange from afar.,prospecting,P2,websearch-serp,caregiver blog aging parent write for us,"wedge=compliant; letter-writing companionship service for aging parents (""Heritage Curators"") with an active blog (Caregiver Wellbeing, Long-Distance Caregiving categories); service company not a pure blogger, no founder name or email found",2026-08-09,2026-08-09
caregiverlist-blog,Caregiverlist,creator-blog,website,https://blog.caregiverlist.com,,,,Susan,"senior-care resource platform, advertising/partnerships contact",susan@caregiverlist.com,email,awareness,"A physician-founded barrier liner worn inside any adult incontinence product for overnight dryness and discretion, relevant to the caregiving resources you curate.",prospecting,P1,websearch-serp,"caregiver blog ""media kit"" OR ""brand partnerships"" senior products 2025","wedge=compliant; targets 'seniors, family members and loved ones' as a core audience per its own media kit; explicitly invites custom partnership discussions via susan@caregiverlist.com",2026-08-09,2026-08-09
healthy-aging-magazine-blog,Healthy Aging Magazine,creator-blog,website,https://healthyaging.net,,,,Carolyn Worthington,"publisher, 45+ lifestyle magazine (print + digital)",advertising@healthyaging.net,email,awareness,A discreet barrier liner addressing overnight dryness and confidence for the active 45+ audience your magazine serves.,prospecting,P2,websearch-serp,"caregiver blog ""media kit"" OR ""brand partnerships"" senior products 2025","wedge=compliant; targets active, affluent 45+ adults (9% with $100k+ household income); general wellness/lifestyle angle, not caregiving-specific; advertising@healthyaging.net confirmed via 2026 media kit",2026-08-09,2026-08-09
menopause-goddess-blog-blog,Menopause Goddess Blog,creator-blog,website,https://www.menopausegoddessblog.com/,,,,Lynette Sheppard,menopause blogger,,contact-form,awareness,"Lynette already runs hands-on product reviews for her menopause readers, so a thin barrier liner for overnight dryness and discretion is a natural review fit.",prospecting,P0,websearch-serp,WebSearch 'best menopause blogs 2025' -> WebFetch menopausegoddessblog.com/bloglist/,"wedge=compliant; confirmed does product reviews (Bossa Bars, CoolYourSweats, Bellabeat, Oova) and runs guest posts from outside contributors",2026-08-09,2026-08-09
motherfigure-blog,Motherfigure,creator-blog,website,https://motherfigure.com/,,,,,postpartum/pregnancy magazine (product reviews),,contact-form,awareness,"Motherfigure already reviews postpartum-recovery kits for new moms, making a thin, discreet barrier liner for postpartum dryness a direct fit for their review coverage.",prospecting,P0,websearch-serp,WebSearch 'postpartum body recovery blogger diastasis recti personal blog' -> WebFetch motherfigure.com/mag/review-frida-mom-postpartum-recovery-kit/,wedge=compliant; confirmed active community-driven magazine that reviews postpartum recovery products (e.g. Frida Mom kit); contact form at motherfigure.com/contact/,2026-08-09,2026-08-09
let-s-talk-uti-blog,Let's Talk UTI,creator-blog,website,https://www.letstalkuti.org/,@letstalkuti,,,Laura Preveshelgeson,UTI patient-advocacy founder,,contact-form,awareness,"For readers already tracking recurrent-UTI flares, a compliant story angle on staying dry and comfortable day-to-day (not a treatment claim) fits their patient-story format.",prospecting,P0,websearch-serp,WebSearch 'UTI-prone blogger recurrent UTI personal story blog site' -> WebFetch letstalkuti.org/all-blog,"wedge=uti; active nonprofit blog w/ 'Share Your Story', 'Collaborate With Us' and media-inquiries pages confirmed",2026-08-09,2026-08-09
cutic-chronic-urinary-tract-infection-campaign-blog,CUTIC (Chronic Urinary Tract Infection Campaign),creator-blog,website,https://cutic.co.uk/,,,UK,Carolyn Andrew (Director),chronic-UTI patient advocacy director,,contact-form,awareness,A dryness/comfort-focused product story (not a prevention claim) fits their chronic-UTI reader base already dealing with day-to-day leak and discharge discomfort.,prospecting,P0,websearch-serp,WebSearch 'CUTIC Chronic Urinary Tract Infection Campaign website blog' -> WebFetch cutic.co.uk/about-cutic/,"wedge=uti; UK not-for-profit founded 2016; has dedicated media-contact page and an existing affiliate partnership with an intimate-health brand (Salcura), so is open to brand collabs",2026-08-09,2026-08-09
bladdersecret-blog,BladderSecret,creator-blog,website,https://bladdersecret.com/,@bladdersecret,,,,bladder-health blog for women 40+ (reviews),,contact-form,awareness,"Their audience of women 40+ managing bladder control is the exact buyer for a thin, physician-founded liner they could feature in their research-backed review format.",prospecting,P0,websearch-serp,WebSearch 'bladder health blog women' -> WebSearch 'BladderSecret.com who runs it about' (bladdersecret.com/contact/ confirmed via SERP; direct fetch blocked 403),"wedge=compliant; site positions itself as 'honest, research-backed reviews' for bladder health in women over 40; contact page exists at bladdersecret.com/contact/ but blocks scrapers",2026-08-09,2026-08-09
menopause-chicks-blog,Menopause Chicks,creator-blog,website,https://www.menopausechicks.com/,@menopausechicks,60K-member Facebook community,,Shirley Weir,menopause community founder,menopausechick@gmail.com,email,awareness,"Shirley's 60K-member community already swaps practical menopause fixes, so a discreet, dignity-first liner for dryness and leak confidence fits the conversation.",prospecting,P1,websearch-serp,WebSearch 'best menopause blogs 2025' -> WebFetch menopausechicks.com,"wedge=compliant; has done branded product collabs (co-created a vulvar moisturizer line, VICHY partnership); menopausechick@gmail.com listed for media enquiries",2026-08-09,2026-08-09
crunchytales-blog,CrunchyTales,creator-blog,website,https://crunchytales.com/,,,,Michela Di Carlo,midlife women's magazine founder,,contact-form,awareness,"Their 'late bloomer' 50+ audience and existing brand-advertiser program is a strong fit for a dignity/discretion feature on a thin, physician-founded liner.",prospecting,P1,websearch-serp,WebSearch 'midlife women's health blog' -> WebFetch crunchytales.com,"wedge=compliant; active illustrated digital magazine for women 50+, founded 2018; has an 'advertise-with-us' program for wellness brands and runs contributor features",2026-08-09,2026-08-09
the-midst-blog,The Midst,creator-blog,website,https://the-midst.com/,,,,Amy Cuevas Schroeder,perimenopause/midlife media founder,,contact-form,awareness,Their specialist-directory and product-literacy content for women 35+ is a good home for a dryness/discretion product explainer.,prospecting,P1,websearch-serp,WebSearch 'perimenopause blogger personal story blog' -> WebFetch the-midst.com,wedge=compliant; active community platform (formerly Jumble & Flow); has dedicated advertise and submission-guidelines pages,2026-08-09,2026-08-09
midlife-rambler-blog,Midlife Rambler,creator-blog,website,https://www.midliferambler.com/,,,"Tampa, FL",Nicole,midlife lifestyle blogger,nicole@midliferambler.com,email,awareness,"Nicole explicitly seeks brands that support midlife women, making a dignity/discretion liner product feature an easy fit for her lifestyle content.",prospecting,P1,websearch-serp,WebSearch 'Midlife Rambler' midlife women blog -> WebFetch midliferambler.com/about-me/,"wedge=compliant; active, has a published 'Advertising and Brand Guidelines' page and direct email",2026-08-09,2026-08-09
viva-fifty-blog,Viva Fifty,creator-blog,website,https://www.vivafifty.com/,@lorrainecladish,,,Lorraine C. Ladish,midlife/active-aging media founder,,contact-form,awareness,"Their active-aging 50+ readers want products that don't slow them down, which fits a thin, discreet liner angle well.",prospecting,P1,websearch-serp,"WebSearch '""Midlife Rambler"" OR ""Feisty Side of Fifty""... midlife women blog' -> WebFetch vivafifty.com/inspiring-blogs-midlife-women-7134/",wedge=compliant; independent media company (Viva Fifty Media LLC) with a dedicated 'Partnerships & PR inquiries' contact path,2026-08-09,2026-08-09
lifestyle-fifty-blog,Lifestyle Fifty,creator-blog,website,https://lifestylefifty.com/,,,,Jo Castro,midlife fashion/travel blogger,,contact-form,awareness,A travel-and-confidence framing — thin/discreet enough that leaks don't limit her readers' adventures — fits their fashion-and-travel-for-50+ editorial voice.,prospecting,P1,websearch-serp,"WebSearch '""Midlife Rambler"" OR ... midlife women blog' -> WebFetch lifestylefifty.com/blogs-by-women-over-50/","wedge=compliant; active 13-year blog, Bupa Health Influencer Blog Award winner, has a 'work-with-me' page",2026-08-09,2026-08-09
that-s-not-my-age-blog,That's Not My Age,creator-blog,website,https://thatsnotmyage.com/,@thatsnotmyage,,UK,Alyson Walsh,midlife style journalist/blogger,,contact-form,awareness,A dignity-meets-style framing — discreet enough to never compromise her outfit — fits a fashion-and-confidence blog for women over 50.,prospecting,P1,websearch-serp,"WebSearch '""That's Not My Age"" Alyson Walsh contact collaborate brand'","wedge=compliant; long-running (since 2008), award-winning midlife fashion blog with regular independent-brand collabs and a Patreon; site blocks automated fetch (403) so contact page verified via search/Muck Rack listing rather than direct WebFetch",2026-08-09,2026-08-09
chelsea-method-blog,Chelsea Method,creator-blog,website,https://www.chelseamethod.com/,@hifiveformoms,"4,000+ newsletter subscribers",,"Stephanie Stamas, PT, DPT",pelvic-floor PT / postpartum-recovery blogger,support@chelseamethod.com,email,awareness,A pelvic-floor PT writing directly about postpartum urinary incontinence is a strong fit for a thin liner add-on that helps her readers stay dry and comfortable during recovery.,prospecting,P1,websearch-serp,WebSearch 'postpartum bladder leaks personal blog mom' -> WebFetch chelseamethod.com/rundown/still-leaking-5-ways-to-stop-postpartum-urinary-incontinence,wedge=compliant; active postpartum-recovery blog/newsletter ('The Rundown') run by a pelvic-floor doctor of physical therapy; content already covers postpartum urinary incontinence directly,2026-08-09,2026-08-09
interstitial-cystitis-network-icn-blog,Interstitial Cystitis Network (ICN),creator-blog,website,https://www.ic-network.com/,,"largest IC support community globally (per site), patients in 90+ countries",,Jill Osborne,IC/bladder-pain patient-advocacy founder,,contact-form,awareness,A comfort-and-discretion angle for IC patients managing unpredictable bladder symptoms fits their large patient-support blog well.,prospecting,P1,websearch-serp,"WebSearch 'interstitial cystitis blog' + '""Interstitial Cystitis Network"" ic-network.com contact founder Jill Osborne'",wedge=uti; founded 1994 by IC patient Jill Osborne; active blog and largest IC support group worldwide per site claims,2026-08-09,2026-08-09
menopausal-mother-blog,Menopausal Mother,creator-blog,website,https://www.menopausalmom.com/,,,,,menopause blogger (pen name 'Meno Mama'),,contact-form,awareness,"A relatable, no-shame product angle for readers navigating 'menopausal mayhem' fits her humor-forward voice well.",prospecting,P2,websearch-serp,WebSearch 'best menopause blogs 2025' -> WebFetch menopausalmom.com,wedge=compliant; active blog with a published Media Kit and Press page; author also contributes to AARP/The Girlfriend,2026-08-09,2026-08-09
the-wiser-woman-blog,The Wiser Woman,creator-blog,website,https://www.thewiserwoman.com/,,Feedspot #5 of 100 Best Menopause Blogs,,Tania Elfersy,perimenopause/menopause blogger,,contact-form,awareness,"Positioned as a natural, physician-founded add-on for dryness and discretion, which suits her 'natural approach to symptom relief' editorial angle.",prospecting,P2,websearch-serp,WebSearch 'best menopause blogs 2025' -> WebFetch thewiserwoman.com/blog,"wedge=compliant; active, 2026 content; contact page at thewiserwoman.com/contact",2026-08-09,2026-08-09
middlesexmd-blog,MiddlesexMD,creator-blog,website,https://middlesexmd.com/,,,,Dr. Barb DePree,women's sexual-health physician-blogger,,contact-form,awareness,A physician-run blog on menopause and intimate health is a credible home for a dignity-focused liner add-on relevant to her pelvic-health content.,prospecting,P2,websearch-serp,WebSearch 'best menopause blogs 2025' -> WebFetch middlesexmd.com/blogs/drbarb,"wedge=compliant; active (posts through March 2025); already sells pelvic-floor/kegel products, so adjacent to bladder-support category; contact page at /pages/contact-us",2026-08-09,2026-08-09
jenn-salib-huber-blog,Jenn Salib Huber,creator-blog,website,https://www.jennsalibhuber.ca/,,,,"Jenn Salib Huber, RD ND",menopause dietitian/naturopath blogger,jenn@jennsalibhuber.ca,email,awareness,"Whole-woman midlife wellness readers would value a straightforward, physician-founded recommendation for overnight dryness and discretion.",prospecting,P2,websearch-serp,WebSearch 'best menopause blogs 2025' -> WebFetch jennsalibhuber.ca/blog,wedge=compliant; active blog (posts into Feb 2026); has previously run outside contributor pieces; direct email confirmed,2026-08-09,2026-08-09
rethink-menopause-blog,Rethink Menopause,creator-blog,website,https://rethinkmenopause.com/,,,"Bath, UK",Sam Morgan,menopause blogger,,contact-form,awareness,"Evidence-minded readers are a good fit for a physician-founded, dryness/discretion-focused product explainer.",prospecting,P2,websearch-serp,WebSearch 'best menopause blogs 2025' -> WebFetch rethinkmenopause.com/blog/,"wedge=compliant; active registered company (Rethink Menopause Ltd), regular 2026 posts, active social channels",2026-08-09,2026-08-09
menopausemenu-blog,MenopauseMenu,creator-blog,website,https://www.menopausemenu.com/,,,,Dr. Susan Baumgaertel,menopause physician-blogger,,contact-form,awareness,Adding practical product literacy on overnight dryness and discretion fits her comprehensive menopause-resource format.,prospecting,P2,websearch-serp,WebSearch 'best menopause blogs 2025' -> WebFetch menopausemenu.com/blog/,"wedge=compliant; active through August 2026, includes a 'Voices With Vigor' talk-show series alongside written posts; contact page at menopausemenu.com/contact/",2026-08-09,2026-08-09
let-s-all-talk-menopause-blog,Let's all Talk Menopause,creator-blog,website,https://www.letsalltalkmenopause.co.uk/blog,,,UK,,menopause blog with expert interviews,,contact-form,awareness,A potential expert-quote or product feature for readers navigating discretion around leaks at work and in daily life.,prospecting,P2,websearch-serp,WebSearch 'best menopause blogs 2025' -> WebFetch letsalltalkmenopause.co.uk/blog,"wedge=compliant; active (posts through August 2026), regularly interviews named medical experts, linked to the Menopause Mandate/Holland & Barrett helpline",2026-08-09,2026-08-09
women-of-a-certain-stage-blog,Women of a Certain Stage,creator-blog,website,https://www.womenofacertainstage.com/blog,,,"Bristol, UK",Lauren Chiren,menopause coach/blogger,hello@womenofacertainstage.com,email,awareness,"A discretion-at-work angle — a thin, quiet liner for professional women managing leak anxiety in meetings — fits her workplace-menopause coaching focus.",prospecting,P2,websearch-serp,WebSearch 'best menopause blogs 2025' -> WebFetch womenofacertainstage.com/blog,"wedge=compliant; active blog (post from '2 days ago' at fetch time), direct email and phone contact confirmed",2026-08-09,2026-08-09
the-perimenopause-blog-blog,The Perimenopause Blog,creator-blog,website,https://www.theperimenopauseblog.com/,,,,Magnolia Miller,perimenopause advocate/blogger,,contact-form,awareness,A personal-story angle on regaining dryness and confidence during perimenopause fits the founder's own advocacy origin story.,prospecting,P2,websearch-serp,WebSearch 'perimenopause blogger personal story blog',"wedge=compliant; founder Magnolia Miller holds a Healthcare Consumer Advocacy certification per SERP bio; direct WebFetch of the site returned server errors twice this session, so verification relies on search-engine-crawled bio content rather than a live page load",2026-08-09,2026-08-09
cresting-the-hill-blog,Cresting The Hill,creator-blog,website,https://www.crestingthehill.com.au/,,,Australia,Leanne Le Cras,midlife lifestyle blogger,,dm,awareness,A practical midlife-living product recommendation on dryness and discretion suits her weekly lifestyle-and-wellbeing posts.,prospecting,P2,websearch-serp,WebSearch 'midlife women's health blog' -> WebFetch crestingthehill.com.au,"wedge=compliant; active weekly blog since 2014, runs sponsored/collaborative posts; best contact path found is her Facebook page (facebook.com/crestingthehill)",2026-08-09,2026-08-09
the-fit-cookie-blog,The Fit Cookie,creator-blog,website,https://thefitcookie.com/,,,"Wyoming, US",Sarah Jane Parker,fitness blogger with personal IC health content,,contact-form,awareness,A personal-story product fit for a reader who's documented her own interstitial cystitis journey and manages an active lifestyle alongside it.,prospecting,P2,websearch-serp,WebSearch 'chronic UTI blogger instagram interstitial cystitis personal blog' -> WebFetch thefitcookie.com/living-interstitial-cystitis-finding-hope-pain/,"wedge=uti; active since 2011, has a dedicated 'Work with Me' page and multi-year personal IC post series (2015-2018)",2026-08-09,2026-08-09
dara-shalom-md-instagram,"Dara Shalom, MD",creator-instagram,instagram,https://www.instagram.com/drdarashalom/,@drdarashalom,1.8K followers,"New York, USA","Dara Shalom, MD",urogynecologist / pelvic surgeon ('the bladder fixer'),thebladderfixer@gmail.com,email,awareness,A thin liner worn inside any brief for extra overnight leak security and dryness confidence — a discreet add-on her bladder-focused audience already understands.,prospecting,P0,websearch-serp,urogynecologist instagram bladder health creator; confirmed via thebladderfixer.com,"wedge=compliant; bio literally reads 'professional bladder fixer,' direct email found on her practice site contact page",2026-08-09,2026-08-09
sarah-percy-female-physio-co-instagram,Sarah Percy (Female Physio Co.),creator-instagram,instagram,https://www.instagram.com/femalephysioco/,@femalephysioco,23.2K followers,"Queensland, Australia",Sarah Percy,women's health physiotherapist,,contact-form,awareness,A discreet barrier liner that slips inside any brief for extra dryness confidence — simple product education for her incontinence-literate audience.,prospecting,P0,websearch-serp,pelvic floor physical therapist instagram influencer,wedge=compliant; bio explicitly lists 'Incontinence' alongside pregnancy/postnatal/menopause/prolapse; contact via linktr.ee/Femalephysio1 booking page,2026-08-09,2026-08-09
jessica-barac-what-the-menopause-instagram,Jessica Barac (What The Menopause),creator-instagram,instagram,https://www.instagram.com/whatthemenopause/,@whatthemenopause,1M followers,,Jessica Barac,"registered nutritionist/PT, midlife weight-loss coach",,contact-form,awareness,"Dryness and discretion framed as one more piece of feeling strong and in-control in midlife, for an audience already optimizing their 40+ bodies.",prospecting,P0,websearch-serp,menopause instagram creator influencer brand partnerships,wedge=compliant; bio has an explicit 'Partnerships' CTA with its own application form (form.whatthemenopause.com/form),2026-08-09,2026-08-09
dr-fatima-khan-instagram,Dr. Fatima Khan,creator-instagram,instagram,https://www.instagram.com/drfatimakhan_/,@drfatimakhan_,38.6K followers,"Melbourne, Australia",Dr. Fatima Khan,perimenopause & hormone health physician,media@drfatimakhan.com,email,awareness,"A small dignity-preserving product for the bladder changes that come with perimenopause hormone shifts, positioned as comfort not diagnosis.",prospecting,P1,websearch-serp,Dr Fatima Khan menopause specialist instagram; confirmed via linktr.ee/drfatimakhan,"wedge=compliant; dedicated media/collaboration email listed on her Linktree; founder of Zela Wellbeing, author of 'Hormone Health is Mental Health'",2026-08-09,2026-08-09
casey-farlow-hormone-dietitian-instagram,Casey Farlow (Hormone Dietitian),creator-instagram,instagram,https://www.instagram.com/perimenopause.nutritionist/,@perimenopause.nutritionist,811K followers,,Casey Farlow,perimenopause weight-loss dietitian,casey@hormonedietitian.com,email,awareness,"A thin, dryness-focused liner framed as a confidence layer for the women 35+ she coaches through perimenopause body changes.",prospecting,P1,websearch-serp,menopause dietitian instagram; confirmed via hormonedietitian.com/start,wedge=compliant; direct email confirmed on her own site contact page; large account but exact 35+ perimenopause audience match,2026-08-09,2026-08-09
kate-rowe-ham-instagram,Kate Rowe-Ham,creator-instagram,instagram,https://www.instagram.com/katerh_fitness/,@katerh_fitness,105K followers,UK,Kate Rowe-Ham,"midlife & longevity strength coach, menopause author",admin@owningyourmenopause.com,email,awareness,"A discreet, thin liner that won't interfere with training or daily movement — a practical dryness solution for strength-training midlife women.",prospecting,P1,websearch-serp,menopause fitness instagram influencer business email contact; confirmed via owningyourmenopause.com,"wedge=compliant; business email confirmed on her site; BBC/Netflix/Times/Telegraph press history, TEDx-adjacent authority",2026-08-09,2026-08-09
christie-chapman-instagram,Christie Chapman,creator-instagram,instagram,https://www.instagram.com/christiechapmanwellness/,@christiechapmanwellness,75K followers,,Christie Chapman,certified menopause coach,christiechapman@me.com,email,awareness,Dryness and overnight leak security framed as one more everyday symptom-management win for her peri/menopause audience.,prospecting,P1,websearch-serp,menopause fitness instagram influencer business email contact; confirmed via christieslovestory.com/do-the-thing,wedge=compliant; personal email listed on her own site for 'DM on Instagram or email' inquiries,2026-08-09,2026-08-09
dr-ciara-scott-instagram,Dr. Ciara Scott,creator-instagram,instagram,https://www.instagram.com/thecoloredpelvis/,@thecoloredpelvis,2.6K followers,"Riverside, CA, USA",Dr. Ciara Scott,pelvic health physical therapist,,contact-form,awareness,A liner that pairs with pelvic-floor rehab work as a dryness and confidence layer while clients rebuild strength.,prospecting,P1,websearch-serp,pelvic floor physical therapist instagram influencer; confirmed via lnk.bio/Thecoloredpelvis,"wedge=compliant; founder of Artistry Pelvic Health, free discovery-call booking is primary contact path",2026-08-09,2026-08-09
sally-wade-instagram,Sally Wade,creator-instagram,instagram,https://www.instagram.com/thepelvicfloorcoach/,@thepelvicfloorcoach,1.4K followers,,Sally Wade,pelvic floor coach / osteopath,,contact-form,awareness,"A confidence tool for women rebuilding activity after pelvic floor issues — dryness without bulk, so nothing holds them back.",prospecting,P1,websearch-serp,postpartum incontinence instagram creator pelvic floor; confirmed via thepelvicfloorcoach.com,wedge=compliant; free pelvic-floor consult via Typeform on her Linktree is the main contact path,2026-08-09,2026-08-09
fitbtch-power-victoria-emes-kelly-bedford-instagram,FitBtch Power (Victoria Emes & Kelly Bedford),creator-instagram,instagram,https://www.instagram.com/fitbtchpower/,@fitbtchpower,59.3K followers,UK,,"midlife women's fitness brand, co-founders",,contact-form,awareness,A discreet dryness layer that fits how their at-home-workout audience already thinks about midlife-body comfort during exercise.,prospecting,P1,websearch-serp,menopause instagram creator influencer brand partnerships,wedge=compliant; runs active discount-code promos (FIT15/MONTH50) signalling openness to commercial/affiliate activity,2026-08-09,2026-08-09
sara-preston-instagram,Sara Preston,creator-instagram,instagram,https://www.instagram.com/saraprestonhealthyliving/,@saraprestonhealthyliving,206K followers,,Sara Preston,menopause-certified fitness & nutrition coach,,dm,awareness,"A small dignity win inside the bigger 'strong, healthy, confident' story she tells women 40+ navigating menopause.",prospecting,P1,websearch-serp,women's health over 50 instagram influencer; confirmed via saraprestonhealthyliving.com/bio,"wedge=compliant; Integrative Health & Menopause Certified coach, 10+ years, large engaged 40+ following",2026-08-09,2026-08-09
dr-jenn-salib-huber-instagram,Dr. Jenn Salib Huber,creator-instagram,instagram,https://www.instagram.com/menopause.nutritionist/,@menopause.nutritionist,94.5K followers,,Dr. Jenn Salib Huber,menopause nutrition RD/ND,,dm,awareness,"Body-neutral, dignity-first framing — dryness and comfort, not weight or diagnosis — fits her 'feel good about your body in menopause' message exactly.",prospecting,P1,websearch-serp,menopause dietitian instagram,"wedge=compliant; booking via jennsalibhuberrdnd.practicebetter.io; podcast host, body-neutral positioning aligns closely with dignity framing",2026-08-09,2026-08-09
dr-naomi-potter-instagram,Dr. Naomi Potter,creator-instagram,instagram,https://www.instagram.com/dr_naomipotter/,@dr_naomipotter,282K followers,UK,Dr. Naomi Potter,menopause hormone doctor,,dm,awareness,"A low-key dryness and discretion product that fits her practical, symptom-by-symptom approach to menopause care.",prospecting,P2,websearch-serp,menopause specialist instagram UK influencer; listed on theribbonbox.com/wellbeing/menopause-influencers/,wedge=compliant; founder of Menopause Care clinic (@menopause_care) and podcast host; no direct email visible,2026-08-09,2026-08-09
elizabeth-ward-hillary-wright-menopause-diet-plan-instagram,Elizabeth Ward & Hillary Wright (Menopause Diet Plan),creator-instagram,instagram,https://www.instagram.com/menopausedietplan/,@menopausedietplan,27.1K followers,,,menopause dietitians / authors,,dm,awareness,"A simple dryness and comfort layer that complements their nutrition-first, practical-symptom-management book and page.",prospecting,P2,websearch-serp,menopause dietitian instagram,"wedge=compliant; co-authors of a menopause nutrition book, promote it via an Amazon link in bio",2026-08-09,2026-08-09
lisa-donaldson-instagram,Lisa Donaldson,creator-instagram,instagram,https://www.instagram.com/the.menopausedietitian/,@the.menopausedietitian,3.5K followers,Australia,Lisa Donaldson,menopause dietitian (APD),,dm,awareness,"A dignity-first, no-diagnosis framing of dryness/comfort during peri fits her plainspoken, meme-loving midlife voice.",prospecting,P2,websearch-serp,menopause dietitian instagram; confirmed via lisadonaldson.com.au,wedge=compliant; telehealth AUS-wide accredited practising dietitian,2026-08-09,2026-08-09
caroline-hill-instagram,Caroline Hill,creator-instagram,instagram,https://www.instagram.com/carolinehill_nutrition/,@carolinehill_nutrition,1.2K followers,UK,Caroline Hill,menopause dietitian,,dm,awareness,"Fits her 'better sleep, clothes that fit' practical-comfort framing — dryness and discretion as one more everyday-comfort win.",prospecting,P2,websearch-serp,menopause dietitian instagram; confirmed via linktr.ee/carolinehillnutrition,"wedge=compliant; 19 years' experience, 1:1 personalised menopause nutrition support",2026-08-09,2026-08-09
nigel-denby-instagram,Nigel Denby,creator-instagram,instagram,https://www.instagram.com/menopause_dietitian/,@menopause_dietitian,41.7K followers,UK,Nigel Denby,specialist menopause dietitian,,contact-form,awareness,"A practical, non-clinical dryness/comfort product that sits naturally alongside his menopause weight-management and symptom content.",prospecting,P2,websearch-serp,menopause dietitian instagram; confirmed via linktr.ee/Nigel_Denby,wedge=compliant; founder of Harley Street at Home Menopause clinic; consultation booking via hormonehealth.co.uk,2026-08-09,2026-08-09
lindsey-mathews-instagram,Lindsey Mathews,creator-instagram,instagram,https://www.instagram.com/trainerlindsey/,@trainerlindsey,143K followers,,Lindsey Mathews,perimenopause coach,,dm,awareness,A discreet dryness liner as one more 'balance your body' comfort tool alongside her hormone-focused coaching content.,prospecting,P2,websearch-serp,perimenopause coach instagram,wedge=compliant; runs the Moxie by Lindsey coaching program (join.moxiebylindsey.com),2026-08-09,2026-08-09
lesley-waldron-instagram,Lesley Waldron,creator-instagram,instagram,https://www.instagram.com/lesleywaldronhealthcoach/,@lesleywaldronhealthcoach,2.4K followers,UK,Lesley Waldron,perimenopause health coach,,contact-form,awareness,"Fits her 'clarity, calm and joy in midlife' message — dryness and discretion framed as one less thing to worry about.",prospecting,P2,websearch-serp,perimenopause coach instagram; confirmed via lesleywaldron.co.uk/wellbeing-call,wedge=compliant; offers 1:1 coaching and workshops for women in midlife,2026-08-09,2026-08-09
claudia-taboada-instagram,Claudia Taboada,creator-instagram,instagram,https://www.instagram.com/themidlifesuccessmentor/,@themidlifesuccessmentor,12.5K followers,,Claudia Taboada,perimenopause & postmenopause coach,,contact-form,awareness,A dignity-first comfort product that fits her 'busy women 45+ rebuilding strength and metabolism' positioning.,prospecting,P2,websearch-serp,perimenopause coach instagram; application via form.jotform.com,"wedge=compliant; coaches women 45+ on muscle and metabolism, application-gated intake",2026-08-09,2026-08-09
elise-tzurkov-instagram,Elise Tzurkov,creator-instagram,instagram,https://www.instagram.com/functionallyfitwithelise/,@functionallyfitwithelise,101K followers,Canada,Elise Tzurkov,perimenopause weight-loss & health coach,,dm,awareness,"Fits her 'fix your hormones, rebuild metabolism' message as a low-effort dryness/comfort addition, not a symptom fix.",prospecting,P2,websearch-serp,perimenopause coach instagram; confirmed via ffwehealthcoaching.com,"wedge=compliant; claims 1,500+ women coached through her program",2026-08-09,2026-08-09
sonja-soulspace-body-instagram,Sonja (Soulspace Body),creator-instagram,instagram,https://www.instagram.com/soulspacebody/,@soulspacebody,1.2K followers,,Sonja,perimenopause coach,,dm,awareness,"A small, dignity-preserving comfort product that fits her 'find your way back to yourself' 6-week program for women 40+.",prospecting,P2,websearch-serp,perimenopause coach instagram; confirmed via soulspacebody.myflodesk.com,wedge=compliant; nano-audience but tight topical fit (perimenopause coaching for women 40+),2026-08-09,2026-08-09
nectaria-pospori-instagram,Nectaria Pospori,creator-instagram,instagram,https://www.instagram.com/perimenopause.fitness.coach/,@perimenopause.fitness.coach,1.4K followers,,Nectaria Pospori,perimenopause fitness coach,,dm,awareness,"Fits her award-winning peri-focused protocol as a comfort/dryness layer, positioned as confidence support rather than a treatment claim.",prospecting,P2,websearch-serp,perimenopause coach instagram; confirmed via linktr.ee/perimenopause.fitness.coach,"wedge=compliant; National Awards-winning creator of 'The BellyBlaster' peri protocol, nano-audience but very tight fit",2026-08-09,2026-08-09
petra-coveney-menopause-yoga-instagram,Petra Coveney (Menopause Yoga),creator-instagram,instagram,https://www.instagram.com/menopause_yoga/,@menopause_yoga,11.1K followers,UK,Petra Coveney,Menopause Yoga founder / teacher trainer,,contact-form,awareness,"A discreet comfort layer that fits the body-awareness, movement-through-menopause philosophy she built an entire teaching method around.",prospecting,P2,websearch-serp,menopause specialist instagram UK influencer; listed on theribbonbox.com/wellbeing/menopause-influencers/,"wedge=compliant; created the world's first Menopause Yoga method (2013), teacher training accredited by the British Wheel of Yoga",2026-08-09,2026-08-09
libby-stevenson-instagram,Libby Stevenson,creator-instagram,instagram,https://www.instagram.com/libbystevenson.wellbeing/,@libbystevenson.wellbeing,27.2K followers,UK,Libby Stevenson,menopause & healthy-aging yoga/movement teacher,,dm,awareness,Fits her 'health over 40 made easy' sleep/balance/strength content as one more small daily-comfort addition.,prospecting,P2,websearch-serp,menopause specialist instagram UK influencer; listed on theribbonbox.com/wellbeing/menopause-influencers/,wedge=compliant; multi-award-winning menopause content creator per her own bio,2026-08-09,2026-08-09
dr-punam-krishan-instagram,Dr. Punam Krishan,creator-instagram,instagram,https://www.instagram.com/drpunamkrishan/,@drpunamkrishan,147K followers,UK,Dr. Punam Krishan,NHS GP / women's health & motherhood media doctor,,dm,awareness,"As a mainstream women's-health media doctor, a dignity-first mention of leak protection fits her broader 'motherhood and life' content without needing a menopause-specific hook.",prospecting,P2,websearch-serp,menopause specialist instagram UK influencer; listed on theribbonbox.com/wellbeing/menopause-influencers/,"wedge=compliant; BBC Morning Live doctor and BBC Strictly 2024 contestant, broad reach beyond the menopause niche",2026-08-09,2026-08-09
debra-atkinson-flipping-50-instagram,Debra Atkinson (Flipping 50),creator-instagram,instagram,https://www.instagram.com/flipping50tv/,@flipping50tv,30K followers,,Debra Atkinson,menopause fitness expert,,contact-form,awareness,A practical comfort layer that fits her evidence-based 'women 40+ menopause optimize' content without overstating a health claim.,prospecting,P2,websearch-serp,menopause fitness instagram influencer business email contact; confirmed via flippingfifty.com/contact,wedge=compliant; TEDx speaker and 2x bestselling author behind the long-running Flipping 50 brand,2026-08-09,2026-08-09
lorraine-c-ladish-viva-fifty-instagram,Lorraine C. Ladish (Viva Fifty),creator-instagram,instagram,https://www.instagram.com/vivafifty/,@vivafifty,9.1K followers,USA,Lorraine C. Ladish,midlife lifestyle publisher / journalist,,dm,awareness,"Fits her 'celebrating life at 50+' bilingual lifestyle brand as a discreet comfort-product story, not a medical pitch.",prospecting,P2,websearch-serp,Lorraine Ladish Viva Fifty instagram handle,"wedge=compliant; bilingual (ES/EN) midlife lifestyle platform, contributor to Oprah Daily",2026-08-09,2026-08-09
shebang-menopause-instagram,Shebang Menopause,creator-instagram,instagram,https://www.instagram.com/shebangmenopause/,@shebangmenopause,129K followers,,,midlife/menopause lifestyle content brand,,dm,awareness,"Fits the 'hot flashes, big feelings, real talk' irreverent midlife voice as a no-shame comfort-product mention.",prospecting,P2,websearch-serp,menopause instagram creator influencer brand partnerships,"wedge=compliant; has a 'Fave Finds' highlight, suggesting an existing product-recommendation content format",2026-08-09,2026-08-09
jenn-labonte-instagram,Jenn Labonte,creator-instagram,instagram,https://www.instagram.com/jennlabfit/,@jennlabfit,106K followers,,Jenn Labonte,strength coach for women 50+,,dm,awareness,Fits her 'women 50+ feel stronger than ever' message as a practical comfort layer for staying active without leak worry.,prospecting,P2,websearch-serp,women's health over 50 instagram influencer; confirmed via jennlabfit.com,wedge=compliant; strength-training focus for women 50+,2026-08-09,2026-08-09
louise-boyce-mama-still-got-it-instagram,Louise Boyce (Mama Still Got It),creator-instagram,instagram,https://www.instagram.com/mamastillgotit_/,@mamastillgotit_,1.1M followers,UK,Louise Boyce,midlife content creator / presenter,,dm,awareness,"A body-confidence, dignity-first framing that fits her broader 'midlife women still have it' message even outside overt menopause content.",prospecting,P3,websearch-serp,menopause specialist instagram UK influencer; listed on theribbonbox.com/wellbeing/menopause-influencers/,wedge=compliant; very large general midlife-women audience; content is broader lifestyle/presenting rather than menopause-specific,2026-08-09,2026-08-09
melani-sanders-we-do-not-care-club-instagram,Melani Sanders (We Do Not Care Club),creator-instagram,instagram,https://www.instagram.com/justbeingmelani/,@justbeingmelani,2.3M followers,,Melani Sanders,midlife women's community founder / author,,dm,awareness,"Fits her sisterhood-in-midlife message as a small, no-shame dignity product rather than a medical pitch.",prospecting,P3,websearch-serp,perimenopause instagram influencer ambassador/affiliate/brand-partner search,"wedge=compliant; NYT bestselling author, prior sponsored post with Midi Health shows openness to menopause-adjacent brand deals despite huge scale",2026-08-09,2026-08-09
karen-karlsen-instagram,Karen Karlsen,creator-instagram,instagram,https://www.instagram.com/karenmkarlsen/,@karenmkarlsen,280K followers,,Karen Karlsen,aging/wellness content creator (macro nutrition coach),,dm,awareness,"Fits her 'meaningful aging' beauty-and-wellness content as a small, dignity-first comfort product rather than a medical claim.",prospecting,P3,websearch-serp,Karen Karlsen macro nutrition coach instagram handle,"wedge=compliant; described elsewhere as a certified macro nutrition coach for women 50+/menopause, though her IG bio itself reads more general beauty/aging",2026-08-09,2026-08-09
hatty-mccafferty-instagram,Hatty McCafferty,creator-instagram,instagram,https://www.instagram.com/realmenopausetalk/,@realmenopausetalk,14.1K followers,,Hatty McCafferty,online menopause health & fitness coach,,dm,awareness,"Fits her holistic 'personal growth, aligned action, conscious nourishment' coaching frame as a small comfort/dignity product.",prospecting,P3,websearch-serp,menopause fitness instagram influencer business email contact,"wedge=compliant; her linked personal domain (realmenopausetalk.com) has expired/is parked, so IG DM is the only confirmed live contact path",2026-08-09,2026-08-09
flora-shin-instagram,Flora Shin,creator-instagram,instagram,https://www.instagram.com/salmfitness/,@salmfitness,770 followers,,Flora Shin,perimenopause health & fitness consultant,,contact-form,awareness,"A discreet comfort layer that fits her 'navigate perimenopause, feel confident' coaching message for high-achieving women 40+.",prospecting,P3,websearch-serp,menopause fitness instagram influencer business email contact; confirmed via salmfitness.com/coaching-7599,"wedge=compliant; nano-audience (770 followers), very early-stage coach but tight topical fit",2026-08-09,2026-08-09
callie-krajcir-callie-k-tiktok,Callie Krajcir (Callie K),creator-tiktok,tiktok,https://www.tiktok.com/@callieknutrition,@callieknutrition,"10K+ followers (2022 milestone, likely higher now)","Philadelphia, PA",Callie Krajcir,"Registered Dietitian, 'The Bladder Dietitian' (interstitial cystitis / OAB specialist)",,contact-form,awareness,"Her audience already manages daily bladder symptoms, so a thin barrier liner that adds dryness and discretion inside whatever product they already wear is a natural, no-behavior-change addition to content she's already making.",prospecting,P0,websearch-serp,WebSearch 'interstitial cystitis tiktok creator UTI awareness'; profile confirmed via collabs.io/mag/callie-k-nutrition and site:tiktok.com/@callieknutrition,"wedge=uti — has lived with IC since age 18, runs her own 'Road to Remission' IC program and posts about OAB/bladder health daily, so her audience is UTI/IC-adjacent by design.",2026-08-09,2026-08-09
dr-anika-ackerman-tiktok,Dr. Anika Ackerman,creator-tiktok,tiktok,https://www.tiktok.com/@dr.anika.ackerman,@dr.anika.ackerman,244.2K followers,"New York, NY / New Jersey",Dr. Anika Ackerman,"Urologist (MD), doctor-of-TikTok",,dm,awareness,"As a practicing urologist already making branded content, she could speak to why a barrier liner adds a dry layer of protection for people managing bladder issues, without any clinical claims.",prospecting,P0,websearch-serp,WebSearch 'interstitial cystitis tiktok creator UTI awareness'; confirmed via site:tiktok.com/@dr.anika.ackerman,"wedge=uti — urologist who already runs sponsored/affiliate posts (Target, Amazon, Peloton, an Eroxon 'partner' post), proving she's open to paid brand work.",2026-08-09,2026-08-09
kate-beavis-tiktok,Kate Beavis,creator-tiktok,tiktok,https://www.tiktok.com/@katebeavis,@katebeavis,"~250K followers (Fearless at 50 brand, TikTok+IG; IG alone 233K)","Bedford, United Kingdom",Kate Beavis,Menopause & midlife coach / anti-ageism campaigner ('Fearless at 50'),kate@kategrosvenor.com,email,awareness,"Her platform is about refusing to let menopause symptoms shrink your life, so a discreet, dignity-first liner that keeps women dry and confident fits her 'age on your own terms' message perfectly.",prospecting,P0,websearch-serp,WebSearch 'over 50 women's health tiktok creator menopause influencer'; contact confirmed via kategrosvenor.com/media-and-brand-partnerships and site:tiktok.com/@katebeavis,"wedge=compliant — runs an explicit brand-partnerships business targeting midlife women 40-55 with listed email/phone; a warm, pre-built ad-sales pipeline.",2026-08-09,2026-08-09
crystal-l-bass-tiktok,Crystal L. Bass,creator-tiktok,tiktok,https://www.tiktok.com/@divasanddementia,@divasanddementia,416.2K followers,"Owings Mills, MD",Crystal L. Bass,"Caregiver creator / author & speaker (mother-daughter dementia-care duo, 'Divas and Dementia')",,contact-form,awareness,"She and her mom already show the unfiltered daily reality of dementia caregiving, so a barrier liner that adds dryness and skin protection under whatever her mom already wears is a natural, dignity-focused addition to that story.",prospecting,P1,websearch-serp,WebSearch 'caregiver tiktok aging parent creator influencer' + 'Divas and Dementia tiktok creator real name'; contact via crystallbass.com 'work with me' page,"wedge=compliant — already runs her own product brand (officialdivasanddementia.com) plus a 'work with me' page, proven to do brand collaborations.",2026-08-09,2026-08-09
suzanne-vernazza-tiktok,Suzanne Vernazza,creator-tiktok,tiktok,https://www.tiktok.com/@knowyourfloors,@knowyourfloors,630K+ followers,"Newcastle upon Tyne, United Kingdom",Suzanne Vernazza,"Pelvic health physiotherapist, founder of Know Your Floors",,contact-form,awareness,"Her #squeezealong audience is already fluent in pelvic-floor and leak talk, so a thin barrier liner that adds overnight dryness and discretion is a logical, non-clinical product tie-in for her content.",prospecting,P1,websearch-serp,WebSearch 'pelvic floor physical therapist tiktok creator' + 'Suzanne Vernazza knowyourfloors physiotherapist location clinic UK'; speaker contact via impactingtheyoung.com/speakers/suzanne-vernazza,wedge=compliant — NHS Clinical Entrepreneur with BBC Breakfast media experience; reachable via her speaker-booking/enquiry form.,2026-08-09,2026-08-09
dr-sara-reardon-tiktok,Dr. Sara Reardon,creator-tiktok,tiktok,https://www.tiktok.com/@thevagwhisperer,@thevagwhisperer,,"New Orleans, LA","Dr. Sara Reardon, PT, DPT, WCS","Pelvic floor physical therapist; founder, NOLA Pelvic Health & The Vagina Whisperer",,contact-form,awareness,"She already posts practical leak-prevention tips, so a barrier liner worn inside underwear is directly on-topic for her audience navigating pregnancy, postpartum and menopause leaks.",prospecting,P1,websearch-serp,WebSearch 'pelvic floor physical therapist tiktok creator'; content confirmed via site:tiktok.com/@thevagwhisperer and nola.com 'The Vagina Whisperer helps women',"wedge=compliant — runs her own V-Hive subscription platform, so she understands DTC brand mechanics; her book 'Floored' covers leak/incontinence directly. TikTok follower count unverified (IG is 656K).",2026-08-09,2026-08-09
graeme-sutherland-tiktok,Graeme Sutherland,creator-tiktok,tiktok,https://www.tiktok.com/@graemefs,@graemefs,386.1K followers,"Glasgow, Scotland",Graeme Sutherland,Caregiver creator / Alzheimer's advocate (documents caring for his mother),,dm,awareness,"He documents hands-on daily care for his mum with Alzheimer's, so a discreet, dignity-preserving barrier liner for the person he's caring for would fit naturally into his existing caregiving story.",prospecting,P1,websearch-serp,WebSearch 'caregiver tiktok aging parent creator influencer'; confirmed via site:tiktok.com/@graemefs and Wikipedia 'Graeme Sutherland (internet personality)',"wedge=compliant — left full-time employment in 2024 to focus on his mum and this platform, suggesting openness to creator partnerships as his new full-time work.",2026-08-09,2026-08-09
dr-lizzie-kieffer-doc-lizzie-tiktok,Dr. Lizzie Kieffer (Doc Lizzie),creator-tiktok,tiktok,https://www.tiktok.com/@doclizziedpt,@doclizziedpt,9.5K followers,"Kansas City, MO","Dr. Lizzie Kieffer, PT, DPT",Pelvic floor physical therapist (pregnancy/postpartum focus),,contact-form,awareness,"Her postpartum audience deals with new, often-surprising bladder leaks, so a thin liner that adds dryness and discretion under regular underwear is an easy, low-stakes product story for her recovery content.",prospecting,P2,websearch-serp,"WebSearch 'pelvic floor physical therapist tiktok creator'; contact via doclizzie.com/contact, confirmed real via site:tiktok.com/@doclizziedpt","wedge=compliant — her site explicitly invites 'looking to work on a collaboration' via contact form, an open door despite smaller following.",2026-08-09,2026-08-09
melani-tiktok,Melani,creator-tiktok,tiktok,https://www.tiktok.com/@your.menopause.bff,@your.menopause.bff,51.9K followers,,Melani,Menopause wellness coach ('The Menopause BFF'),,dm,awareness,"She coaches midlife women through symptom-by-symptom body changes, so a compliant conversation about dryness and confidence during menopause fits naturally alongside her hormone/gut/nervous-system content.",prospecting,P2,websearch-serp,WebSearch 'perimenopause tiktok influencer contact email brand collab'; confirmed via site:tiktok.com/@your.menopause.bff,"wedge=compliant — actively solicits DMs ('comment ME and let's talk'), demonstrably responsive to audience outreach. NOT the same person as Melani Sanders/We Do Not Care Club already in CRM — different handle, bio, and follower count.",2026-08-09,2026-08-09
dr-ashley-alexis-nd-tiktok,"Dr. Ashley Alexis, ND",creator-tiktok,tiktok,https://www.tiktok.com/@menopausedoctor,@menopausedoctor,,"Carlsbad, CA","Dr. Ashley Alexis, ND",Naturopathic doctor specializing in menopause care,,contact-form,awareness,"Her content already walks women through hands-on menopause logistics, so a practical, non-hormonal liner that adds dryness and leak security is a natural complementary topic for her audience.",prospecting,P2,websearch-serp,"WebSearch 'menopause tiktok creator' and joinmidi.com 'Top Menopause Experts To Follow on TikTok'; practice confirmed via Golden Leaf Health Center (Carlsbad/Vista, CA) listings","wedge=compliant — runs Golden Leaf Health Center with public phone/'email me' booking, but TikTok follower count and reach are unconfirmed so treat as smaller/mid-tier.",2026-08-09,2026-08-09
menopause-taylor-youtube,Menopause Taylor,creator-youtube,youtube,https://www.youtube.com/c/MenopauseTaylor,,130K subscribers,"Houston, TX, USA","Barbara Taylor, MD","retired OB/GYN, menopause educator",,contact-form,awareness,"A discreet, thin liner giving her methodical menopause-management audience an easy, dignity-preserving way to handle bladder leaks alongside her diet/lifestyle/hormonal framework.",prospecting,P1,websearch-serp,WebSearch: Menopause Taylor Barbara Taylor MD youtube channel about; menopausetaylor.me,"wedge=compliant; 400+ videos, teaches a 5-category management framework; contact via menopausetaylor.me site, no direct email found.",2026-08-09,2026-08-09
kari-anne-wright-youtube,Kari Anne Wright,creator-youtube,youtube,https://www.youtube.com/c/kariannewright,,75.4K subscribers,,Kari Anne Wright,midlife/perimenopause content creator,,dm,awareness,"A thin, discreet liner addressing one of the '100 perimenopause symptoms' her viral content already covers, bladder leaks, framed around dignity not diagnosis.",prospecting,P2,websearch-serp,WebSearch: Kari Anne Wright youtube menopause channel about; follow-up brand-contact search,"wedge=compliant; also 175K TikTok (@kari_wright) and 84K Instagram (@mymidlife_kariannewright); no business email surfaced, best reached via IG/TikTok DM or her linktree.",2026-08-09,2026-08-09
metabolism-menopause-podcast-youtube,Metabolism & Menopause Podcast,creator-youtube,youtube,https://www.youtube.com/channel/UCMOmFy-wUD2btVAK-t_1Pvg,@metabolismandmenopausepodcast,17.3K subscribers,,Stephanie Fusnik Crassweller,"women's hormone health coach, podcast host, CEO Vitality OET",stephanie@vitalityoet.com,email,awareness,A physician-founded barrier liner that fits naturally into her hormone/midlife-health content as a dryness and discretion solution for perimenopausal bladder changes.,prospecting,P1,websearch-serp,WebSearch: Stephanie Fusnik Metabolism and Menopause youtube contact business email,"wedge=compliant; direct email confirmed plus a Calendly booking link, high reachability despite a smaller audience.",2026-08-09,2026-08-09
hayley-kava-pelvic-floor-physical-therapist-youtube,"Hayley Kava, Pelvic Floor Physical Therapist",creator-youtube,youtube,https://www.youtube.com/channel/UCs1AqSwDan9CGbb9EL_zGaA,,,,Hayley Kava,pelvic floor physical therapist (PRC),,contact-form,awareness,"A thin barrier liner for overnight dryness and discretion, a natural fit given she already partners with pelvic-health/incontinence-adjacent brands like Attn:Grace.",prospecting,P0,websearch-serp,WebSearch: Hayley Kava pelvic floor youtube subscribers contact; attngrace.com specialist-spotlight-hayley-kava-pelvic-floor-pt,"wedge=compliant; already featured in an Attn:Grace Specialist Spotlight, direct evidence she works with a competitor-adjacent incontinence brand; contact via hayleykavapt.com, subscriber count not shown in results.",2026-08-09,2026-08-09
laura-meihofer-youtube,Laura Meihofer,creator-youtube,youtube,https://www.youtube.com/c/laurameihoferllc,,,"Minnesota, USA",Laura Meihofer,pelvic floor physical therapist,,contact-form,awareness,A discreet barrier liner that pairs with her pelvic floor training content to give patients a dignity-preserving dryness option between PT sessions.,prospecting,P2,websearch-serp,WebSearch: Laura Meihofer pelvic floor physical therapist youtube subscribers,"wedge=compliant; Mayo Clinic-trained, active private practice plus mentoring business; contact via laurameihofer.com, no subscriber count or email surfaced.",2026-08-09,2026-08-09
the-pelvic-studio-youtube,The Pelvic Studio,creator-youtube,youtube,https://www.youtube.com/channel/UCK_JiXgeBEgct-igOlwV2nA,,,"Hobart, Tasmania, Australia",Jaclyn Thurley,"pelvic floor physiotherapist, founder",,contact-form,awareness,"A thin, discreet liner offering overnight dryness for her pelvic floor physiotherapy audience managing bladder leaks.",prospecting,P2,websearch-serp,WebSearch: Jaclyn Thurley The Pelvic Studio youtube subscribers contact,"wedge=compliant; Australia-based (international shipping/logistics consideration); contact via thepelvicstudio.com, business email exists but was masked in the ZoomInfo listing found.",2026-08-09,2026-08-09
dr-katrina-pelvic-floor-physical-therapist-youtube,Dr. Katrina | Pelvic Floor Physical Therapist,creator-youtube,youtube,https://www.youtube.com/channel/UCmjIzjqGaAVVS71pO5HPowA,,,"Sunnyvale, CA, USA","Katrina Wong, PT",pelvic floor & orthopedic physical therapist,,contact-form,awareness,A discreet barrier liner that complements her pelvic floor and postpartum content with a practical dryness solution for leak-prone moments.,prospecting,P2,websearch-serp,WebSearch: Dr. Katrina pelvic floor physical therapist youtube subscribers contact,"wedge=compliant; owner of Whole Body Wellness PT (opened Jan 2023); contact via wholebodywellnessptca.com free-consult booking, no subscriber count surfaced.",2026-08-09,2026-08-09
core-pelvic-floor-therapy-youtube,Core Pelvic Floor Therapy,creator-youtube,youtube,https://www.youtube.com/@corepelvicfloortherapy,@corepelvicfloortherapy,,"Irvine, CA, USA",,pelvic floor physical therapy clinic,,contact-form,awareness,A thin barrier liner offering discretion and dryness for her pelvic floor dysfunction audience.,prospecting,P2,websearch-serp,WebSearch: Core Pelvic Floor Therapy youtube channel subscribers contact; corepelvicfloortherapy.com/core-pelvic-floor-therapy-youtube-channel/,"wedge=compliant; clinic-run educational channel; contact via corepelvicfloortherapy.com, no subscriber count or named creator confirmed.",2026-08-09,2026-08-09
mutu-system-youtube,MUTU System,creator-youtube,youtube,https://www.youtube.com/channel/UCLgGKpF2nqEWryUxeVR3sNg,,,United Kingdom,Wendy Powell,postpartum/pelvic floor program founder,,contact-form,awareness,A discreet barrier liner that directly extends her channel's own leak-free confidence positioning with an added layer of overnight dryness and dignity.,prospecting,P0,websearch-serp,WebSearch: MUTU System youtube channel subscribers business contact postpartum; mutusystem.com/en-us/become-an-affiliate/,"wedge=compliant; channel tagline is literally Core Strength & Leak-Free Confidence; program spans pregnancy through menopause and runs an existing affiliate program, a proven open door for partnerships.",2026-08-09,2026-08-09
g-willy-davila-md-youtube,G Willy Davila MD,creator-youtube,youtube,https://www.youtube.com/channel/UChCsTlEdwtfvT_ouWA42fuw,,,"Fort Lauderdale, FL, USA","G. Willy Davila, MD",urogynecologist,,contact-form,awareness,"A physician-founded barrier liner offering dryness and discretion, well aligned with his urogynecology patient-education content.",prospecting,P2,websearch-serp,WebSearch: G Willy Davila MD youtube channel subscribers urogynecology,"wedge=compliant; internationally recognized urogynecology/reconstructive pelvic surgery expert, Director of the Center for Urogynecology and Pelvic Health; contact via urogyne.net, subscriber count not surfaced.",2026-08-09,2026-08-09
uronurse-uropatient-youtube,UroNurse / UroPatient,creator-youtube,youtube,https://www.youtube.com/@uronurse1,@uronurse1,,,"Vic Senese, RN, BSN, FAUNA","urologic nurse, patient educator",,contact-form,awareness,"A thin barrier liner offering dryness and discretion, practical patient-education content for his bladder-health video podcast audience.",prospecting,P2,websearch-serp,WebSearch: UroPatient Vic Senese youtube channel subscribers contact,"wedge=compliant; runs two urology patient-education video podcasts (UroNurse, UroPatient), episodes viewed in 35+ countries approaching 100K views each; contact via uronurse.com / uropatient.com.",2026-08-09,2026-08-09
dementia-careblazers-youtube,Dementia Careblazers,creator-youtube,youtube,https://www.youtube.com/channel/UCVgK5-w1dilMx7bPVB5yNug,,228K subscribers,,"Natali Edmonds, PsyD","geropsychologist, dementia caregiver educator",,contact-form,awareness,"A discreet barrier liner that helps family caregivers keep a loved one drier and more comfortable overnight, a dignity-preserving product fit for her caregiving-education audience.",prospecting,P1,websearch-serp,WebSearch: Dr Natali Edmonds Careblazers dementia youtube business contact sponsorship; videos.feedspot.com/dementia_youtube_channels/,"wedge=compliant; #1 dementia caregiver training channel (18M+ views); runs a business doing speaking engagements for healthcare/senior-living orgs; contact via careblazers.com, no direct email surfaced.",2026-08-09,2026-08-09
dr-macie-p-smith-the-social-gerontologist-youtube,"Dr. Macie P. Smith, The Social Gerontologist",creator-youtube,youtube,https://www.youtube.com/channel/UC6jHyTO7be_1PyHQaL96kpg,,48.9K subscribers,"Columbia, SC, USA",Macie P. Smith,"gerontologist, licensed social worker, dementia educator",,contact-form,awareness,A thin barrier liner offering overnight dryness and dignity for the family caregivers she educates on dementia-care essentials.,prospecting,P1,websearch-serp,WebSearch: Dr. Macie Smith Social Gerontologist contact business email speaking,"wedge=compliant; already a paid spokesperson for SYNERGY HomeCare and an NBC-affiliate contributor, proven brand-partnership behavior; booking via calendly.com/drmaciepsmith-dtc and drmaciesmith.com.",2026-08-09,2026-08-09
the-caregiver-s-journey-youtube,The Caregiver's Journey,creator-youtube,youtube,https://www.youtube.com/@thecaregiversjourney,@thecaregiversjourney,38.4K subscribers,,Sue Ryan & Nancy Treaster,"family caregiver educators, authors (501c3 nonprofit)",sue@thecaregiversjourney.org,email,awareness,"A discreet barrier liner that helps family caregivers keep loved ones drier overnight, a practical, dignity-first tool for their caregiving-tips audience.",prospecting,P1,websearch-serp,WebSearch: The Caregiver's Journey Nancy Treaster Sue Ryan contact business email,"wedge=compliant; co-authors of the audiobook The Caregiver's Journey; nonprofit but directly reachable, both founders' direct emails found (sue@ and nancy@thecaregiversjourney.org).",2026-08-09,2026-08-09
rachael-wonderlin-youtube,Rachael Wonderlin,creator-youtube,youtube,https://www.youtube.com/@rachaelwonderlin,@rachaelwonderlin,2.8K subscribers,,Rachael Wonderlin,"dementia care consultant (Dementia By Day), author",,contact-form,awareness,A thin barrier liner offering dryness and dignity for care partners managing incontinence as part of everyday dementia care.,prospecting,P2,websearch-serp,WebSearch: Rachael Wonderlin dementia youtube subscribers contact business,"wedge=compliant; author of multiple dementia-care books, featured in Washington Post/Forbes; contact via rachaelwonderlin.com or dementiabyday.com; small subscriber base but strong topical authority.",2026-08-09,2026-08-09
elizabeth-miller-happy-healthy-caregiver-youtube,Elizabeth Miller - Happy Healthy Caregiver,creator-youtube,youtube,https://www.youtube.com/channel/UCAcYkpMK6I3Y0ep-kyvrZaQ,,~8K-11K subscribers,,Elizabeth Miller,"certified caregiving consultant, podcast host",,contact-form,awareness,"A discreet, dignity-preserving barrier liner that fits naturally into her self-care-for-caregivers content as a practical overnight-dryness solution.",prospecting,P1,websearch-serp,WebSearch: Elizabeth Miller Happy Healthy Caregiver youtube subscribers contact,"wedge=compliant; award-winning podcast (Whole Care Network), book author; contact via happyhealthycaregiver.com/about (business email on file per ZoomInfo but masked); subscriber count varies 7.9K-10.8K by source.",2026-08-09,2026-08-09
dementia-with-grace-youtube,Dementia With Grace,creator-youtube,youtube,https://www.youtube.com/c/dementiawithgrace,,17K subscribers,,Vicky Noland Fitch,"certified dementia practitioner, author",,contact-form,awareness,"A thin barrier liner offering dryness and dignity, a practical tool for the dementia caregivers she coaches on daily care routines.",prospecting,P2,websearch-serp,WebSearch: Dementia With Grace youtube channel host creator name; follow-up contact search,"wedge=compliant; author of Dementia With G.R.A.C.E. (2 editions); runs a Facebook caregiver support group; no direct email found, contact via dementiawithgrace.org.",2026-08-09,2026-08-09
your-dementia-therapist-youtube,Your Dementia Therapist,creator-youtube,youtube,https://www.youtube.com/@yourdementiatherapist,@yourdementiatherapist,,"Austin, TX, USA",Mary,"occupational therapist, dementia care coach",,contact-form,awareness,"A discreet barrier liner offering overnight dryness and dignity, fitting naturally into her occupational-therapy dementia-care tips.",prospecting,P2,websearch-serp,WebSearch: Your Dementia Therapist youtube channel who creator contact,"wedge=compliant; founded 2021, 10+ years OT experience; active on FB/Pinterest/IG/TikTok/LinkedIn plus an Etsy shop, commercially savvy and likely open to partnerships; contact via yourdementiatherapist.com.",2026-08-09,2026-08-09
better-health-while-aging-youtube,Better Health While Aging,creator-youtube,youtube,https://www.youtube.com/channel/UCFpxvukIqCAUA7YizI-q9Dw,,,,"Leslie Kernisan, MD MPH",geriatrician,,contact-form,awareness,"A physician-founded barrier liner offering discreet, dignity-preserving dryness, a practical topic fit for her evidence-based aging-health content for older adults and family caregivers.",prospecting,P1,websearch-serp,WebSearch: Dr Leslie Kernisan Better Health While Aging youtube subscribers contact,"wedge=compliant; board-certified geriatrician, popular written/podcast/YouTube content on aging health and family caregiving; contact via betterhealthwhileaging.net, subscriber count not confirmed.",2026-08-09,2026-08-09
more-life-health-seniors-youtube,More Life Health Seniors,creator-youtube,youtube,https://www.youtube.com/c/MoreLifeHealth,,254K-266K subscribers,Australia,Mike Kutcher,seniors' specialist physiotherapist,mike@morelifehealth.com,email,awareness,A discreet barrier liner offering overnight dryness and dignity for the active-aging audience he coaches through mobility and independence.,prospecting,P1,websearch-serp,WebSearch: More Life Health Mike physiotherapist youtube contact business; morelifehealth.com/contact,"wedge=compliant; 34M+ total YouTube views, direct emails for Mike and general support, a highly reachable large senior-fitness audience.",2026-08-09,2026-08-09
eldergym-fitness-for-seniors-youtube,Eldergym Fitness for Seniors,creator-youtube,youtube,https://www.youtube.com/@Eldergym,@Eldergym,53.4K subscribers,,Doug Schrift,"physical therapist, certified geriatric specialist, senior fitness coach",,contact-form,awareness,"A thin barrier liner offering discretion and dryness, a practical complement to his senior mobility and independence content.",prospecting,P2,websearch-serp,WebSearch: Eldergym Doug Schrift youtube physical therapist seniors contact business; videos.feedspot.com/senior_youtube_channels/,"wedge=compliant; runs Eldergym Academy (paid online senior fitness community) since 2006, an established small business; contact via eldergym.com.",2026-08-09,2026-08-09
senior-fitness-with-meredith-youtube,Senior Fitness With Meredith,creator-youtube,youtube,https://www.youtube.com/channel/UC2BaKQ5vqal9yaC-VbpD5ZQ,,136K subscribers,,Meredith Chen,AFAA-certified senior fitness trainer,,contact-form,awareness,A discreet barrier liner offering dryness and dignity for the senior fitness audience staying active despite bladder leaks.,prospecting,P2,websearch-serp,WebSearch: Senior Fitness With Meredith youtube channel contact business; videos.feedspot.com/senior_youtube_channels/,"wedge=compliant; also has a podcast on the Senior Resource Podcast Network (Salem Media Group), media-savvy and reachable via seniorfitnesswithmeredith.com contact form.",2026-08-09,2026-08-09
real-world-incontinence-youtube,Real World Incontinence,creator-youtube,youtube,https://www.youtube.com/c/RealWorldIncontinence,,,,,incontinence product reviewer/educator,,contact-form,awareness,"A thin barrier liner offering added overnight dryness and discretion, a natural product-review fit for his real-world incontinence-management content.",prospecting,P0,websearch-serp,WebSearch: Real World Incontinence youtube channel about subscribers; creator-identity follow-up search,"wedge=compliant; channel is explicitly about incontinence-management tips and adult-product reviews; has a Patreon (patreon.com/Realworldincon) and own site realworldincon.com; creator keeps identity private, subscriber count not shown.",2026-08-09,2026-08-09
eco-incontinence-youtube,Eco Incontinence,creator-youtube,youtube,https://www.youtube.com/channel/UC9j3XB1CkvKMvk8x0mhfXnA,,,"Earlville, QLD, Australia",,reusable incontinence product educator,,contact-form,awareness,"A thin, discreet barrier liner offering dryness and dignity as a complementary option alongside her reusable-incontinence-product education.",prospecting,P1,websearch-serp,WebSearch: Eco Incontinence youtube channel about subscribers reusable; continence.org.au/get-support/directories/eco-incontinence,"wedge=compliant; listed in the official Continence Health Australia provider directory, verifies legitimacy; focused on reusable adult incontinence products so disposable-vs-reusable framing needs care in outreach; contact via ecoincontinence.com.au.",2026-08-09,2026-08-09
all-about-incontinence-youtube,All About Incontinence,creator-youtube,youtube,https://www.youtube.com/channel/UCxt4MTCFYy8CaFz-4IVw5Uw,,,United Kingdom,,incontinence education channel,,contact-form,awareness,"A thin barrier liner offering discreet, dignity-preserving dryness for their incontinence-management audience.",prospecting,P2,websearch-serp,WebSearch: All About Incontinence youtube user subscribers channel; organization follow-up search,"wedge=compliant; cited in academic studies of YouTube incontinence content (PubMed/ScienceDirect) confirming it's an established, recognized channel; operating organization/creator name and subscriber count not confirmed, contact only via the YouTube About page.",2026-08-09,2026-08-09
you-are-not-broken-with-kelly-casperson-md-podcast,"You Are Not Broken with Kelly Casperson, MD",podcast,podcast,https://kellycaspersonmd.com/you-are-not-broken-podcast/,,"5M+ unique downloads, 200k+ monthly listens, Top 10 Sexuality (Apple Podcasts)",Washington State,Kelly Casperson,"board-certified urologist (treats incontinence, pelvic pain, recurrent UTI, prolapse), podcast host",,contact-form,awareness,"Physician-founder (Dr. Krieger) guest slot on dignity, dryness and confidence in midlife bladder health — compliant framing, no clinical claims.",prospecting,P0,websearch-serp,"query: ""You Are Not Broken podcast Kelly Casperson urologist""; kellycaspersonmd.com/you-are-not-broken-podcast/","wedge=compliant - host is a urologist whose practice covers incontinence/pelvic pain/prolapse; 380+ episodes, top international podcast; contact form + media kit found, sponsor policy unconfirmed but professional-inquiry pathway exists",2026-08-09,2026-08-09
heal-your-bladder-podcast-podcast,Heal Your Bladder Podcast,podcast,podcast,https://www.marycotternutrition.com/podcast,,,,Mary Cotter,"nutritional therapist / bladder-health coach, podcast host",,contact-form,awareness,"Founder/physician guest segment on dignity and discreet dryness for chronic bladder-pain sufferers — compliant framing only, no antibacterial or prevention claims.",prospecting,P0,websearch-serp,"query: ""recurrent UTI podcast interstitial cystitis podcast""; marycotternutrition.com/podcast","wedge=uti - audience is specifically interstitial cystitis, chronic UTI and bladder pain; interview-format show (takes guest experts); sponsor path not confirmed, use site contact",2026-08-09,2026-08-09
pelvic-floor-power-podcast,Pelvic Floor Power,podcast,podcast,https://nafc.org/pelvic-floor-podcast-series/,,,US (national),,"pelvic floor / bladder-health podcast series (NAFC, Urology Care Foundation, Virginia Mason Franciscan Health)",,contact-form,awareness,Sponsorship or clinician-guest slot directly aligned with the series' existing pelvic-floor/bladder-health education mission.,prospecting,P0,websearch-serp,"query: ""pelvic health podcast women urology""; nafc.org/pelvic-floor-podcast-series/","wedge=compliant - distinct series from Life Without Leaks (already in CRM) though same parent org NAFC; multi-host clinician format (Dr. Una Lee, Dr. Fenwa Milhouse, Dr. Sara Reardon, Julie Wiebe); co-sponsored by 3 institutions already, so sponsor-friendly precedent exists; no direct contact found, use NAFC site",2026-08-09,2026-08-09
the-pelvic-floor-project-podcast,The Pelvic Floor Project,podcast,podcast,https://www.pelvicfloorprojectspace.com/podcast,,,"Kelowna, BC, Canada",Mel (Melissa),"pelvic floor physiotherapist, podcast host",mel@pelvicfloorprojectspace.com,email,awareness,"Guest-expert segment (physician founder) on dignity and dryness across pregnancy, postpartum and menopause life stages.",prospecting,P0,websearch-serp,"query: ""pelvic health podcast women urology""; pelvicfloorprojectspace.com/podcast","wedge=compliant - covers postpartum, menopause and pelvic floor explicitly; interview format with healthcare experts (takes guests); direct host email confirmed",2026-08-09,2026-08-09
her-health-matters-podcast,Her Health Matters,podcast,podcast,https://npwh.podbean.com/,,~400-800 downloads/episode (per episode counters),"US (national nonprofit, NPWH)",Frank Humada,sponsorship/advertising contact (Association Briefings) for NPWH's podcast,frank@associationbriefings.com,email,awareness,"Sponsorship placement following the show's prior pelvic/bladder-health brand sponsor, positioning Athena UraGuard as the dignity-and-dryness companion product.",prospecting,P0,websearch-serp,"query: ""midlife women's health podcast sponsorship""; npwh.podbean.com",wedge=compliant - produced by National Association of Nurse Practitioners in Women's Health; prior sponsor was Leva Pelvic Health System (direct precedent); direct sponsorship contact email confirmed; takes both interview guests and sponsors,2026-08-09,2026-08-09
the-flipping-50-show-podcast,The Flipping 50 Show,podcast,podcast,https://www.flippingfifty.com/flipping-fifty-podcast,,3.5M+ downloads; AARP-recognized top podcast for adults 50+,"Boulder, CO",Debra Atkinson,"menopause-fitness specialist, podcast host",debra@flippingfifty.com,email,awareness,"Sponsorship spot alongside existing wellness sponsors, positioning Athena UraGuard as the discreet dryness layer for active menopausal women.",prospecting,P0,websearch-serp,"query: ""Flipping 50 podcast Debra Atkinson menopause fitness sponsor""; flippingfifty.com/flipping-fifty-podcast","wedge=compliant - large reach, proven sponsor-accepting show (Alloy Health, AquaTru, Bluesky CBD are current sponsors); direct host email confirmed; near-perfect menopausal-women audience",2026-08-09,2026-08-09
hello-menopause-let-s-talk-menopause-podcast,Hello Menopause! (Let's Talk Menopause),podcast,podcast,https://www.letstalkmenopause.org/pod,,4 seasons produced; S4 hosted by celebrity host Stacy London,US (501c3 nonprofit),,nonprofit menopause-education podcast team,Podcast@LetsTalkMenopause.org,email,awareness,"Sponsorship or physician-founder guest slot alongside the show's existing menopause-wellness sponsor, framed around dignity and dryness.",prospecting,P0,websearch-serp,"query: ""menopause podcast 'be a guest' OR 'guest application'""; letstalkmenopause.org/pod","wedge=compliant - nonprofit-backed with celebrity host (Stacy London, season 4); existing sponsor precedent (Versalie, a menopause/vaginal-wellness device brand); direct podcast email confirmed; takes both guests and sponsors",2026-08-09,2026-08-09
everyday-wellness-with-cynthia-thurlow-podcast,Everyday Wellness with Cynthia Thurlow,podcast,podcast,https://www.cynthiathurlow.com/podcast/,,535+ episodes; large syndicated reach (exact downloads not disclosed),US,Cynthia Thurlow,"nurse practitioner, midlife hormone-health podcast host",support@cynthiathurlow.com,email,awareness,"Guest-expert pitch (physician founder) on dignity and dryness through perimenopause, alongside the show's existing hormone-health sponsor roster.",prospecting,P1,websearch-serp,"query: ""hormone podcast women midlife host""; cynthiathurlow.com/podcast/","wedge=compliant - has both a guest-application form and a host-invite form; multiple current brand sponsors (Toward Health, Ancestral Supplements, Timeline) confirm sponsor-friendly",2026-08-09,2026-08-09
unpaused-with-dr-mary-claire-haver-podcast,unPAUSED with Dr. Mary Claire Haver,podcast,podcast,https://podcasts.apple.com/us/podcast/unpaused-with-dr-mary-claire-haver/id1846701533,,4.8/5 from 912 ratings; 21 episodes; Audacy network-backed,US (Audacy),"Mary Claire Haver, MD","OB-GYN, NYT-bestselling menopause author, podcast host (Audacy)",,contact-form,awareness,"Network sponsorship buy positioning Athena UraGuard as the dignity-and-dryness brand for a high-profile, menopause-forward audience.",prospecting,P1,websearch-serp,"query: ""unPAUSED podcast Mary Claire Haver contact sponsor guest""; podvertise.fm/1846701533","wedge=compliant - brand-new (Oct 2025) high-profile Audacy show with celebrity guests (Naomi Watts, Bobbi Brown); sponsorship inquiry is gated behind an ad-marketplace form (podvertise.fm), no public direct email",2026-08-09,2026-08-09
hotflash-inc-podcast-podcast,Hotflash inc Podcast,podcast,podcast,https://www.hotflashinc.com/,,,,Ann Marie McQueen,"health journalist (30 yrs), menopause podcast host/founder",connect@hotflashinc.com,email,awareness,Guest-expert pitch: physician founder discussing dignity and overnight leak security as part of the menopause self-care toolkit.,prospecting,P1,websearch-serp,"query: ""midlife women's health podcast sponsorship""; hotflashinc.com",wedge=compliant - active journalist-run menopause media ecosystem (podcast + newsletter + blog); direct contact email confirmed; sponsor precedent not confirmed,2026-08-09,2026-08-09
willgather-podcast-podcast,willGather Podcast,podcast,podcast,https://www.willgatherpodcast.com/,,,,Nicole Will,"gerontologist, caregiving podcast host/founder",hello@willgather.com,email,awareness,Sponsorship or guest-expert slot on supporting an aging loved one's dignity and dryness during caregiving.,prospecting,P1,websearch-serp,"query: ""caregiving podcast aging parents guest expert""; willgatherpodcast.com",wedge=compliant - has guest submission form; existing sponsor (RenderVe) proves sponsor-friendly; direct email confirmed,2026-08-09,2026-08-09
daughterhood-the-podcast-podcast,Daughterhood: The Podcast,podcast,podcast,https://daughterhood.org/podcast/,,,,Rosanne Corcoran,"caregiver advocate (former primary in-home caregiver), podcast host",info@daughterhood.org,email,awareness,"Guest-expert appearance (physician founder) on caring for an aging parent's skin dryness and dignity, plus possible sponsorship.",prospecting,P1,websearch-serp,"query: ""caregiver podcast guest pitch aging parents""; daughterhood.org/podcast/","wedge=compliant - explicit ""become a guest"" form plus direct email; active community brand (Daughterhood Circles) for daughters caregiving for aging parents",2026-08-09,2026-08-09
the-agewyz-podcast-podcast,The Agewyz Podcast,podcast,podcast,https://agewyz.com/blog/,,,,Jana Panarites,"caregiving journalist/author, podcast host",jana@agewyz.com,email,awareness,Guest-expert or sponsorship pitch centered on caregiver dignity when managing a parent's incontinence care.,prospecting,P1,websearch-serp,"query: ""Agewyz podcast Jana Panarites contact""; agewyz.com",wedge=compliant - long-running caregiving media brand (founded 2014); direct host email confirmed; has a press room (media-friendly),2026-08-09,2026-08-09
own-your-midlife-podcast-podcast,Own Your Midlife Podcast,podcast,podcast,https://directory.libsyn.com/shows/view/id/e05ce025-40d9-4a7a-90bf-9ab0a0b75052,@susiemclean.xo,,"Burbank, CA",Susie McLean,"podcast host, midlife/perimenopause reinvention",ownyourmidlifepodcast@gmail.com,email,awareness,"Guest-expert pitch: physician founder on dignity and dryness as part of ""owning"" midlife body changes.",prospecting,P1,websearch-serp,"query: ""Own Your Midlife podcast Susie McLean contact guest""; libsyn directory, rephonic, Voyage LA interview",wedge=compliant - newer/smaller guest-driven show; direct email confirmed,2026-08-09,2026-08-09
all-things-seniors-a-podcast-for-caregivers-podcast,All Things Seniors: A Podcast For Caregivers,podcast,podcast,https://open.spotify.com/show/4EpFqgau5hrQ3dHc5wCLM7,,,,Rafiq,"podcast host, caregiver education",Rafiq@SeniorsPodcast.com,email,awareness,Guest-expert or sponsor pitch on managing incontinence care with dignity for aging loved ones.,prospecting,P1,websearch-serp,"query: ""All Things Seniors podcast caregivers host contact""; directory.libsyn.com/shows/view/id/seniors","wedge=compliant - covers caregiver health topics (dementia, Alzheimer's, isolation); direct host email confirmed",2026-08-09,2026-08-09
the-midlife-feast-podcast-podcast,The Midlife Feast Podcast,podcast,podcast,https://www.menopausenutritionist.ca/podcast,,,Canada,Jenn Salib Huber,"dietitian / naturopathic doctor, podcast host",,contact-form,awareness,Guest-expert pitch: physician founder on dignity and dryness as part of holistic menopause wellness content.,prospecting,P2,websearch-serp,"query: ""midlife women's health podcast sponsorship""; menopausenutritionist.ca/podcast","wedge=compliant - well-produced show with a wide guest roster spanning nutrition, pelvic health and lifestyle coaching; no direct email found on page, use site contact form",2026-08-09,2026-08-09
the-boomer-woman-s-podcast-podcast,The Boomer Woman's Podcast,podcast,podcast,https://twoboomerwomen.podbean.com/,,7 seasons,US,Agnes Knowles,podcast host,agnes@twoboomerwomen.com,email,awareness,Guest-expert application: physician founder on dignity and confidence for Boomer women navigating body changes.,prospecting,P2,websearch-serp,"query: ""menopause podcast 'be a guest' OR 'guest application'""; twoboomerwomen.com/guest-application-2/","wedge=compliant - long-running (7 seasons), formal guest application plus direct email; distributed under domain twoboomerwomen.com (same show as ""Two Boomer Women"")",2026-08-09,2026-08-09
aging-today-podcast-podcast,Aging Today Podcast,podcast,podcast,https://podcasts.apple.com/us/podcast/aging-today-podcast/id1239093001,,398 episodes; 4.3/5 (10 ratings),"Portland/West Linn, OR area",Mark Turnbull,"Certified Senior Advisor, radio/podcast host",,contact-form,awareness,"Sponsorship spot alongside existing home-care/hospice sponsors, positioning Athena UraGuard for dignity in aging.",prospecting,P2,websearch-serp,"query: ""caregiving podcast aging parents guest expert""; AgingToday.us","wedge=compliant - running since 2017 with existing sponsors (ComForCare In-Home Care, Royal Hospice Care Oregon), proving sponsor-friendly; guest-expert format; no direct email found",2026-08-09,2026-08-09
live-long-podcast-formerly-live-long-and-master-aging-llama-podcast,Live Long Podcast (formerly Live Long and Master Aging / LLAMA),podcast,podcast,https://healthspan-media.com/live-long-podcast/,,250+ episodes,"Los Angeles, CA",Peter Bowes,"journalist (BBC correspondent), longevity podcast host",,contact-form,awareness,Guest-expert pitch: physician founder on dignity and confidence as a component of healthy aging and longevity.,prospecting,P2,websearch-serp,"query: ""Live Long and Master Aging podcast Peter Bowes website""; llamapodcast.com/about (redirects to healthspan-media.com/live-long-podcast/about/)",wedge=compliant - 8+ year running show interviewing longevity scientists; audience skews more general/scientific than incontinence-specific; contact via site only,2026-08-09,2026-08-09
the-caring-generation-podcast,The Caring Generation,podcast,podcast,https://pameladwilson.com/the-caring-generation/,,,Colorado,Pamela D. Wilson,"family caregiving expert, radio/podcast host",,contact-form,awareness,Guest-expert or sponsor pitch on dignity for family caregivers managing a parent's incontinence care.,prospecting,P2,websearch-serp,"query: ""caregiving podcast aging parents guest expert""; pameladwilson.com/the-caring-generation/",wedge=compliant - long-running weekly show (back on air since 2018); phone contact (303-810-1816) available in addition to site; no email found,2026-08-09,2026-08-09
wild-and-well-podcast,Wild and Well,podcast,podcast,https://www.drhilaryclaire.com/podcasts/wild-and-well-motherhood-postpartum-wellness-and-children-s-health,@vibrantmama,115+ episodes,,Hilary Claire,"clinical psychologist, postpartum-wellness podcast host",,contact-form,awareness,"Guest-expert pitch: physician founder on postpartum bladder dryness, dignity and confidence.",prospecting,P2,websearch-serp,"query: ""postpartum podcast women's health guest expert""; drhilaryclaire.com/contact","wedge=compliant - postpartum-focused, one of the brand's named buyer segments; contact form has ""Collaboration""/""Media"" categories confirming openness to guest/sponsor pitches",2026-08-09,2026-08-09
the-in-between-years-aging-parents-and-the-conversations-we--podcast,The In-Between Years: Aging Parents and the Conversations We Try to Avoid,podcast,podcast,https://www.buzzsprout.com/2536366,,10 episodes (launched 2025),,,caregiving podcast produced by Krause Agency,,contact-form,awareness,Sponsorship or guest-expert pitch on supporting aging parents with dignity through incontinence-care conversations.,prospecting,P2,websearch-serp,"query: ""In-Between Years podcast aging parents host contact""; buzzsprout.com/2536366","wedge=compliant - newer agency-produced show on elder care, grief and long-term care planning; no direct contact email found; note - distinct from an unrelated show ""The In-Between Years with Dr. Sheryl""",2026-08-09,2026-08-09
rebranding-menopause-podcast-podcast,Rebranding Menopause Podcast,podcast,podcast,https://www.rebrandingmenopausepodcast.com/,@rebrandingmenopausepodcast,19 episodes,"Long Island, NY",Ingrid Dodd,"publicist/digital-marketing expert, podcast host",,dm,awareness,"Guest-expert pitch: physician founder reframing menopause bladder-health stigma with dignity-first messaging, fitting the show's ""rebranding"" theme.",prospecting,P2,websearch-serp,"query: ""Rebranding Menopause podcast host contact""; rebrandingmenopausepodcast.com","wedge=compliant - active, media-covered (Newsday, Long Island Business News); no email found, use Instagram DM or site contact",2026-08-09,2026-08-09
women-s-hormone-network-podcast-podcast,Women's Hormone Network Podcast,podcast,podcast,https://womenshormonenetwork.org/podcast/,,,US (501c3 nonprofit),,nonprofit hormone-health education podcast,,contact-form,awareness,Guest-expert pitch: physician founder on dignity and dryness as part of the organization's hormone-health education mission.,prospecting,P2,websearch-serp,"query: ""Women's Hormone Network podcast contact sponsor""; womenshormonenetwork.org/podcast/","wedge=compliant - nonprofit-run, clinical-advisory-board-backed, active as of Oct 2025; no direct contact surfaced, use site contact page",2026-08-09,2026-08-09
showy-ovaries-with-penny-ashton-podcast,Showy Ovaries with Penny Ashton,podcast,podcast,https://open.spotify.com/show/39zzw6mY7fZhd3Uq5jd4sQ,,,New Zealand,Penny Ashton,"comedian, menopause podcast host",,dm,awareness,Guest-expert or comedic-segment sponsorship pitch bringing a physician founder's dignity-and-dryness perspective to a comedic menopause format.,prospecting,P3,websearch-serp,"query: ""Showy Ovaries podcast Penny Ashton menopause website""; Apple Podcasts/Spotify listings","wedge=compliant - internationally reputable menopause podcast (NZ-based host/audience), so lower priority for a US-focused brand; no website/email found, use social DM",2026-08-09,2026-08-09
caregiver-sos-on-air-podcast,Caregiver SOS On Air,podcast,podcast,https://podcasts.apple.com/us/podcast/caregiver-sos-on-air/id1054420321,,,"San Antonio, TX",Carol Zernial,"gerontologist, co-host",,contact-form,awareness,Sponsorship or guest-expert segment on dignity in caregiving for incontinence.,prospecting,P3,websearch-serp,"query: ""Caregiver SOS podcast Carol Zernial Ron Aaron contact""; Apple Podcasts/iHeart listings","wedge=compliant - long-running local radio show/podcast (930 AM KLUP San Antonio) with guest segments; no direct contact found, would need to go through the station",2026-08-09,2026-08-09
serving-seniors-podcast-podcast,Serving Seniors Podcast,podcast,podcast,https://www.servingseniorspodcast.com/contact/,,,"Brentwood, TN",Matt Helton,"mortgage/retirement-income specialist, podcast host",,contact-form,awareness,Sponsorship pitch introducing Athena UraGuard to a senior/caregiver-services audience already accustomed to sponsor content.,prospecting,P3,websearch-serp,"query: ""Senior List Podcast host contact sponsor"" (surfaced Serving Seniors Podcast); servingseniorspodcast.com/contact/",wedge=compliant - audience is seniors/retirement-planning oriented rather than health-first; confirmed sponsor-friendly (One Trust Home Loans sponsors episodes); phone (888) 488-3807 available; coldest fit in this batch,2026-08-09,2026-08-09
the-flow-space-health,The Flow Space,publication-health,website,https://www.theflowspace.com/lists/bladder-leak-underwear/,,,"US (New York, NY — SHE Media)",Emily Cegielski Gianakos (Health Editor),menopause/midlife women's health vertical (SHE Media),ecegielski@shemedia.com,email,awareness,"Athena UraGuard is a thin barrier liner worn inside any bladder-leak product for extra overnight dryness and discretion, which would be a natural add to a future update of your bladder-leak underwear roundup for midlife women.",prospecting,P0,websearch-serp,best bladder leak protection products roundup / Well+Good OR mindbodygreen OR SheKnows menopause bladder leaks,"wedge=compliant - already published '7 Bladder-Leak Underwear Options For Midlife Women, Expert-Approved'; SHE Media actively solicits and pays ($200-800/piece) for midlife women's health pitches; Health Editor confirmed via search.",2026-08-09,2026-08-09
katie-couric-media-health,Katie Couric Media,publication-health,website,https://katiecouric.com/health/aging/best-incontinence-pads-underwear-for-bladder-leaks/,,,"US (New York, NY)",,women's health & news media company,,contact-form,awareness,"Athena UraGuard, a thin barrier liner for extra overnight dryness and discretion, would be a natural add to your existing 'Best Urinary Incontinence Pads & Underwear' roundup or a future bladder-health story.",prospecting,P0,websearch-serp,Considerable.com OR Katie Couric Media OR Oprah Daily menopause bladder leaks product,"wedge=compliant - already published 'Having Bladder Leaks? Join the Club' / 'Best Urinary Incontinence Pads & Underwear' in the Health/Aging vertical; use katiecouric.com/contact-us/ form — a jkeller@keygroup.tv press contact surfaced but domain doesn't match KCM's own, so it's unverified and omitted.",2026-08-09,2026-08-09
carewell-health,Carewell,publication-health,website,https://www.carewell.com/resources/blog/incontinence-heavy-absorbency-carewells-best-products-for-managing-heavy/,,,"US (Miami, FL)",,caregiving-supply retailer with editorial product-review blog,support@carewell.com,email,awareness,Athena UraGuard is a thin barrier liner caregivers can layer inside any brief or pad for extra overnight dryness — a natural 'also consider' add to your heavy-absorbency incontinence buying guide.,prospecting,P0,websearch-serp,"""best overnight incontinence protection"" OR ""best incontinence liners"" review site","wedge=compliant - already runs bylined, multi-brand incontinence product roundups on its own blog. CAVEAT: Carewell is itself a DME retailer selling competing pad/brief brands (Because, TENA, Depend), so pitch as a complementary layer, not a stocked-SKU swap; only a generic support@ address found, no dedicated PR/editorial contact.",2026-08-09,2026-08-09
healthywomen-org-health,HealthyWomen.org,publication-health,website,https://www.healthywomen.org/condition/incontinence,,,US,"Rebecca Sager (VP, Development)",women's health nonprofit editorial site (ages 35-64),rebecca@healthywomen.org,email,awareness,"Athena UraGuard's physician-founder, Dr. Krieger, could be an expert source for HealthyWomen's Incontinence and Overactive Bladder condition centers, with the liner itself referenced in a dignity-focused bladder-leak feature.",prospecting,P1,websearch-serp,HealthyWomen.org incontinence bladder health,"wedge=compliant - runs a dedicated Incontinence + Overactive Bladder condition hub plus a 'Menopause and Bladder Leakage' article; targets women 35-64 (core buyer demo); accepts industry/media partnerships via partner-with-us page. Contact is moderate-confidence (VP Development handles corporate partnerships, not pure editorial).",2026-08-09,2026-08-09
healthinaging-org-ags-health-in-aging-foundation-health,HealthInAging.org (AGS Health in Aging Foundation),publication-health,website,https://www.healthinaging.org/tools-and-tips/caregiver-guide-incontinence,,,"US (New York, NY)",,geriatric-medicine patient-education nonprofit (American Geriatrics Society),info@healthinaging.org,email,awareness,"Dr. Krieger could serve as a physician source for HealthInAging's 'Caregiver Guide: Incontinence,' and Athena UraGuard could be referenced as a dignity-preserving comfort layer for older adults.",prospecting,P1,websearch-serp,"""write for us"" OR ""editorial guidelines"" caregiver blog incontinence contribute",wedge=compliant - publishes an AGS-vetted 'Caregiver Guide: Incontinence'; no dedicated press email found beyond general info@ address; strong clinical-authority angle for a physician-founder expert-source pitch.,2026-08-09,2026-08-09
the-hot-years-magazine-health,The Hot Years Magazine,publication-health,website,https://www.mymenopausemag.com/,,"45,000+ app downloads; 10,000 subscribers (self-reported)",US,"Dr. Mache Seibel, MD (Editor/Founder)",physician-founded menopause quarterly magazine,info@doctorseibel.com,email,awareness,"Physician-to-physician: Dr. Krieger and Dr. Seibel both address midlife bladder changes, and Athena UraGuard could be featured as a discreet, dignity-first option for perimenopausal and menopausal readers dealing with leaks.",prospecting,P1,websearch-serp,menopause health website midlife women magazine / Dr. Mache Seibel Hot Years Magazine contact email press menopause,"wedge=compliant - quarterly menopause magazine founded/edited by Dr. Mache Seibel, MD (20-year Harvard Medical faculty member); physician-founder-to-physician-founder expert-source angle is the strongest wedge here.",2026-08-09,2026-08-09
ba50-better-after-50-health,BA50 (Better After 50),publication-health,website,https://betterafter50.com/contribute-to-ba50/,,,US,Felice Shapiro (Publisher/Editor),online magazine for women 47-64,editor@betterafter50.com,email,awareness,"BA50's women-47-64 readership is exactly who Athena UraGuard serves, so a dignity-and-discretion essay or product mention with review samples would be a natural fit.",prospecting,P1,websearch-serp,BA50 website baby boomer women contact write for us,"wedge=compliant - open submissions ('story from the heart, personal essay, advice'), 200+ contributing writers, explicit women 47-64 demo match; no confirmed prior incontinence coverage, so this is a fresh pitch, not a warm roundup.",2026-08-09,2026-08-09
today-s-caregiver-caregiver-com-health,Today's Caregiver / Caregiver.com,publication-health,website,https://caregiver.com/magazine/editorial-guidelines,,,US,Nancy,national family-caregiver magazine (est. 1995),nancy@caregiver.com,email,awareness,"Today's Caregiver already covers incontinence management, so a dignity-and-dryness product explainer or personal essay featuring Athena UraGuard, with Dr. Krieger as an expert source, would fit naturally.",prospecting,P1,websearch-serp,"""Today's Caregiver"" magazine caregiver.com incontinence","wedge=compliant - first national magazine for family/professional caregivers, explicitly lists incontinence management among covered topics; confirmed editorial submissions email and format (500-1,500 words); no payment unless pre-arranged.",2026-08-09,2026-08-09
zaggocare-health,ZaggoCare,publication-health,website,https://zaggocare.org/write-for-us/,,,US,,patient-engagement/family-caregiving nonprofit blog,customercare@zaggocare.org,email,awareness,"ZaggoCare's family-caregiving readers would benefit from a guest piece on preserving dignity and dryness for a loved one managing incontinence, with Athena UraGuard referenced as one practical tool.",prospecting,P2,websearch-serp,"""write for us"" OR ""editorial guidelines"" caregiver blog incontinence contribute","wedge=compliant - registered 501(c)(3), active blog, accepts guest posts (1,800+ words, original/non-AI) on 'Patient Advocacy, Family Caregiving, or Patient Engagement'; incontinence isn't a currently-named topic on their blog, so this is a fresh pitch.",2026-08-09,2026-08-09
next-avenue-health,Next Avenue,publication-health,website,https://www.nextavenue.org/submission-guidelines/,,,"US (St. Paul, MN — Twin Cities PBS)",,PBS digital magazine for people 50+,,contact-form,awareness,"A pitch on the last taboo of bladder leaks in caregiving and midlife, featuring Dr. Krieger as a physician source and Athena UraGuard as one dignity-preserving option worth knowing about.",prospecting,P2,websearch-serp,"""Next Avenue"" ""pitch"" OR ""submission guidelines"" contributor email","wedge=compliant - national PBS outlet covering money/health/caregiving for 50+ readers, strong audience fit; guidelines currently state pitches are paused / form-only and 'do not directly email editors' — treat as slower-burn despite strong fit.",2026-08-09,2026-08-09
menopause-matters-magazine-health,Menopause Matters Magazine,publication-health,website,https://www.menopausematters.co.uk/,,,UK,Editor,menopause quarterly magazine (print + digital),editor@menopausematters.co.uk,email,awareness,"A short piece or product mention on managing bladder leaks with dignity during menopause, with Athena UraGuard offered as a sample and Dr. Krieger available as an expert source.",prospecting,P2,websearch-serp,menopause health website midlife women magazine / Menopause Matters magazine UK contact editor,wedge=compliant - the only UK magazine specifically for menopausal/perimenopausal women; UK location lowers shipping/relevance priority for a US brand but topical fit and editor contact are both real.,2026-08-09,2026-08-09
the-mutton-club-health,The Mutton Club,publication-health,website,https://themuttonclub.com/write-for-us/,,,UK,Rachel Lankester (Founder),online magazine for women 40+,info@themuttonclub.com,email,awareness,"A guest piece on bladder leaks and midlife dignity for Mutton Club's women-40+ readers, with Athena UraGuard offered as a sample product to reference.",prospecting,P2,websearch-serp,"""The Mutton Club"" contact editor pitch women 40+ magazine","wedge=compliant - open 'Write For Us' page, unpaid but audience-relevant; UK-based, editorial calendar noted as full/slow, no payment offered.",2026-08-09,2026-08-09
seniors-guide-health,Seniors Guide,publication-health,website,https://www.seniorsguide.com/,,,"US (Richmond, VA area)",,senior-living/lifestyle magazine network,,contact-form,awareness,"A 'products that preserve independence and dignity' feature could include Athena UraGuard, alongside an offer of Dr. Krieger as a physician source on aging and bladder health.",prospecting,P2,websearch-serp,Seniors Guide magazine seniorsguide.com contact editor incontinence,"wedge=compliant - senior-living magazine network with existing Kegel/pelvic-floor content; only a contact form found (options include 'Sponsored Content'), no direct editorial email surfaced.",2026-08-09,2026-08-09
ourseniors-net-health,OurSeniors.net,publication-health,website,https://ourseniors.net/about/share-your-article-or-story-with-us/,,,"US (FL-based, national senior distribution)",,free online senior magazine,,contact-form,awareness,"OurSeniors' readers managing bladder changes could benefit from a short dignity-and-dryness explainer featuring Athena UraGuard, submitted via their story-share program.",prospecting,P2,websearch-serp,OurSeniors.net contact editor submit story,"wedge=compliant - explicitly invites reader/contributor story submissions; no incontinence-specific content confirmed yet, so this is a fresh pitch.",2026-08-09,2026-08-09
seniors-lifestyle-magazine-health,Seniors Lifestyle Magazine,publication-health,website,https://seniorslifestylemag.com/,,,Canada,,senior-lifestyle digital magazine (Canada-wide),contact@seniorslifestylemag.com,email,awareness,"A caregiver- or dignity-focused feature on managing bladder leaks, offering Athena UraGuard as a sample and Dr. Krieger as an expert source.",prospecting,P2,websearch-serp,senior health magazine online 2026 (Feedspot Top 15 Senior Magazines),"wedge=compliant - real, active Canada-wide senior publication with confirmed contact email; international shipping/relevance is the main friction vs. US outlets.",2026-08-09,2026-08-09
nexttribe-health,NextTribe,publication-health,website,https://nexttribe.com/,,,"US (Austin, TX)",Jeannie Ralston (CEO/Co-Founder),digital magazine + community for women 45+,info@nexttribe.com,email,awareness,"NextTribe's bold-women-45+ community would connect with a candid piece on bladder leaks and travel confidence, with Athena UraGuard as the discreet solution and samples available.",prospecting,P2,websearch-serp,NextTribe website midlife women contact write for us,wedge=compliant - women 45+ digital magazine and travel community; no confirmed prior incontinence coverage; press-inquiry email confirmed via contact page.,2026-08-09,2026-08-09
grand-magazine-health,GRAND Magazine,publication-health,website,https://www.grandmagazine.com/,,,"US (Gulfport, FL)",Christine Crosby (Founder),grandparenting/family lifestyle digital magazine,editor@grandmagazine.com,email,awareness,"Many GRAND readers are grandmothers managing their own bladder leaks or caring for a spouse who does, making a dignity-and-dryness piece featuring Athena UraGuard a fit for their caregiving coverage.",prospecting,P2,websearch-serp,"Grandparents.com OR ""GRAND Magazine"" incontinence caregiving contact","wedge=compliant - 4,000+ article archive includes caregiving content; readers overlap both as direct buyers (grandmothers 45+) and caregivers; confirmed editor email.",2026-08-09,2026-08-09
national-association-of-baby-boomer-women-nabbw-health,National Association of Baby Boomer Women (NABBW),publication-health,website,https://nabbw.com/,,,"US (Galena, IL)",,membership org / content site for baby boomer women,info@nabbw.com,email,awareness,"NABBW's boomer-women membership base overlaps closely with Athena UraGuard's buyer, making a contributor piece on aging with confidence and dryness a natural fit, with samples available.",prospecting,P2,websearch-serp,National Association of Baby Boomer Women nabbw.com contact write for us press,wedge=compliant - membership org with associate contributors and a track record of articles being picked up by national boomer-women magazines; no incontinence-specific content confirmed yet.,2026-08-09,2026-08-09
senior-scene-magazine-health,Senior Scene Magazine,publication-health,website,https://seniorscenemag.com/,,,"US (Brevard County, FL)",,regional free senior magazine (50+),Info@SeniorSceneMag.com,email,awareness,"A short dignity-and-independence feature on bladder-leak protection for Senior Scene's 50+ Space Coast readers, with Athena UraGuard samples available.",prospecting,P3,websearch-serp,"""Senior Scene Magazine"" OR ""55 Plus"" OR ""Seniors Lifestyle Magazine"" contact editor submissions","wedge=compliant - real, veteran-owned regional (Brevard County, FL) free magazine for 50+; small/local reach limits impact but confirmed direct email.",2026-08-09,2026-08-09
3rd-act-magazine-health,3rd Act Magazine,publication-health,website,https://www.3rdactmagazine.com/,,,"US (Tacoma, WA / Puget Sound)",Victoria,regional lifestyle magazine for older adults,Victoria@3rdactmagazine.com,email,awareness,"A candid piece on aging with dignity and staying dry and confident for 3rd Act's Puget Sound readers, with Athena UraGuard offered as a sample product.",prospecting,P3,websearch-serp,"""3rd Act Magazine"" contact editor Pacific Northwest senior submissions","wedge=compliant - real regional (Puget Sound, WA) lifestyle magazine for older adults with a confirmed named contact; small/local reach.",2026-08-09,2026-08-09
diane-chew-instagram,Diane Chew,creator-instagram,instagram,https://www.instagram.com/dementiacoachdiane/,@dementiacoachdiane,112K,,Diane Chew,dementia caregiver coach,,contact-form,awareness,"A thin, physician-founded barrier liner worn inside whatever product her caregiving community already uses could offer one more quiet win for dryness and dignity on hard days.",prospecting,P1,websearch-serp,dementia caregiver instagram creator,"wedge=compliant; 112K-follower dementia coach, runs JoyQuest Journey program guiding caregivers from guilt/exhaustion to peace",2026-08-09,2026-08-09
ashley-the-dementia-guru-instagram,Ashley (The Dementia Guru),creator-instagram,instagram,https://www.instagram.com/thedementiaguru/,@thedementiaguru,18.3K,,Ashley,dementia & caregiving educator,,dm,awareness,"For caregivers navigating tough care decisions, a discreet barrier liner that layers inside existing briefs for extra dryness is a small, practical win worth knowing about.",prospecting,P1,websearch-serp,dementia caregiver instagram creator,"wedge=compliant; Gerontologist + Clinical Social Worker (LCSW), content on navigating dementia, conflict & care decisions",2026-08-09,2026-08-09
mariel-kirton-instagram,Mariel Kirton,creator-instagram,instagram,https://www.instagram.com/endalzheimers_ray/,@endalzheimers_ray,2.1K,UK,Mariel Kirton,Alzheimer's caregiver daughter/blogger,,dm,awareness,"A thin, discreet liner worn inside her dad's existing briefs could offer extra overnight dryness without changing anything about his routine.",prospecting,P2,websearch-serp,Mariel Kirton endalzheimers_ray instagram,"wedge=compliant; documents dad Ray's early-onset Alzheimer's journey since 2015, featured by Alzheimer's Research UK/HuffPost",2026-08-09,2026-08-09
elizabeth-miller-instagram,Elizabeth Miller,creator-instagram,instagram,https://www.instagram.com/happyhealthycaregiver/,@happyhealthycaregiver,6.4K,,Elizabeth Miller,family caregiver advocate/coach,,contact-form,awareness,A discreet barrier liner that slips inside any brief for extra dryness is exactly the kind of small self-care win Happy Healthy Caregiver's audience values.,prospecting,P1,websearch-serp,Happy Healthy Caregiver Elizabeth Miller instagram,"wedge=compliant; Certified Caregiving Consultant, award-winning podcast/book/author, cared for aging parents plus a sibling with disabilities",2026-08-09,2026-08-09
marc-spagnuolo-the-diaper-dynamo-instagram,Marc Spagnuolo (The Diaper Dynamo),creator-instagram,instagram,https://www.instagram.com/thediaperdynamo/,@thediaperdynamo,4.4K,"Denver, CO",Marc Spagnuolo,incontinence advocate/creator,,contact-form,awareness,"As someone who openly normalizes wearing incontinence products, Marc's audience would likely welcome a thin barrier liner that adds discreet, dry-skin comfort inside whatever product they already wear.",prospecting,P0,websearch-serp,adult diapers incontinence instagram influencer creator,"wedge=compliant; openly incontinence-positive creator across YouTube/TikTok/IG/website normalizing adult diaper use; account is private, use website contact",2026-08-09,2026-08-09
judy-burkle-instagram,Judy Burkle,creator-instagram,instagram,https://www.instagram.com/judy_burkle__/,@judy_burkle__,5.1K,"Roanoke, VA",Judy Burkle,aging-parent coach,,dm,awareness,Families managing an aging parent's incontinence could use a simple barrier liner that adds dryness and discretion without switching products.,prospecting,P2,websearch-serp,Judy Burkle instagram caregiver aging parents content,"wedge=compliant; MSW aging-parent coach since 1999, history of IG/TikTok content on caregiver guilt & burnout — note bio now reads more personal, verify current activity before pitching",2026-08-09,2026-08-09
january-harshe-instagram,January Harshe,creator-instagram,instagram,https://www.instagram.com/januaryharshe/,@januaryharshe,45.8K,,January Harshe,postpartum body-positive founder,,dm,awareness,Take Back Postpartum's body-honest community would resonate with a discreet liner designed to keep new moms dry and confident during postpartum leak recovery.,prospecting,P1,websearch-serp,January Harshe Take Back Postpartum instagram,"wedge=compliant; founded #TakeBackPostpartum movement, author of Birth Without Fear, mom of 6, account is private",2026-08-09,2026-08-09
debbie-compton-instagram,Debbie Compton,creator-instagram,instagram,https://www.instagram.com/Debbie_Compton1/,@debbie_compton1,174,,Debbie Compton,dementia caregiver advocate,,contact-form,awareness,"Debbie's caregiver audience could use a simple, dignity-first barrier liner that adds dryness inside a parent's existing briefs.",prospecting,P3,websearch-serp,Debbie Compton three-time caregiver dementia instagram,"wedge=compliant; 3x caregiver (Alzheimer's/Parkinson's/vascular dementia), founder The Purple Vine, authored 10 caregiving books; small IG audience",2026-08-09,2026-08-09
alma-valencia-caregiver-comadre-instagram,Alma Valencia (Caregiver Comadre),creator-instagram,instagram,https://www.instagram.com/mom_has_dementia/,@mom_has_dementia,6.4K,,Alma Valencia,dementia (FTD) caregiver creator,,dm,awareness,"A thin barrier liner that adds overnight dryness inside her mom's existing briefs is a small, low-effort win for the caregiving routine Alma shares.",prospecting,P1,websearch-serp,"""thecaregivercomadre"" instagram Alma caregiver mother dementia","wedge=compliant; 11-year FTD caregiver for her mom, leads dementia family-caregiver support groups, blends caregiving with art/food/music",2026-08-09,2026-08-09
beth-mom-and-dad-have-dementia-instagram,Beth (Mom and Dad Have Dementia),creator-instagram,instagram,https://www.instagram.com/momanddadhavedementia/,@momanddadhavedementia,683,,Beth,dementia caregiver podcast host,momanddadhavedementia@gmail.com,email,awareness,A discreet liner that adds extra dryness inside whatever brief a parent already wears could ease one small piece of the caregiving load Beth's podcast audience discusses.,prospecting,P2,websearch-serp,"""momanddadhavedementia"" instagram podcast","wedge=compliant; podcast + IG documenting parents' dual Alzheimer's/Parkinson's-NPH diagnoses, direct email confirmed",2026-08-09,2026-08-09
lance-a-slatton-instagram,Lance A. Slatton,creator-instagram,instagram,https://www.instagram.com/officiallanceaslatton/,@officiallanceaslatton,398,,Lance A. Slatton,senior care influencer,,contact-form,awareness,Lance's senior-care audience of professionals and families would value a physician-founded barrier liner that adds discreet dryness inside any incontinence product.,prospecting,P2,websearch-serp,Lance A Slatton senior care influencer instagram handle,"wedge=compliant; 'Top Healthcare Influencer 2025,' hosts All Home Care Matters podcast/YouTube; IG following much smaller than his other platforms",2026-08-09,2026-08-09
patti-lafleur-instagram,Patti LaFleur,creator-instagram,instagram,https://www.instagram.com/misspatticake/,@misspatticake,39.7K,,Patti LaFleur,dementia care partner/advocate,patti.lafleur@outlook.com,email,awareness,"A thin, discreet barrier liner worn inside existing briefs offers exactly the kind of small dignity-preserving win Patti champions for dementia care partners.",prospecting,P0,websearch-serp,Patti caring for mother Linda dementia instagram creator,"wedge=compliant; former care partner to her mom, now Programs Lead at Lorenzo's House (younger-onset dementia nonprofit), direct email confirmed",2026-08-09,2026-08-09
mary-daniel-instagram,Mary Daniel,creator-instagram,instagram,https://www.instagram.com/marysdaniel/,@marysdaniel,2.1K,"Jacksonville, FL",Mary Daniel,Alzheimer's caregiver/patient advocate,,contact-form,awareness,"Mary's caregiver-advocacy audience would welcome a simple, dignity-focused barrier liner that adds dryness inside a loved one's existing incontinence product.",prospecting,P1,websearch-serp,"Mary Daniel ""Caregivers for Compromise"" instagram handle","wedge=compliant; caregiver for husband Steve (Alzheimer's), took a dishwasher job at his care facility during COVID isolation to see him, founded Caregivers for Compromise",2026-08-09,2026-08-09
niki-powell-cottman-instagram,Niki Powell Cottman,creator-instagram,instagram,https://www.instagram.com/nikipowellcottman/,@nikipowellcottman,1.9K,,Niki Powell Cottman,dementia caregiver creator,,dm,awareness,A discreet barrier liner that adds dryness inside her parent's existing briefs could ease one small part of Niki's hospice-caregiving routine.,prospecting,P2,websearch-serp,dementia influencers directory (iqfluence.io),wedge=compliant; recent posts document hospice/vascular-dementia caregiving for an aging parent alongside her youth-foundation work,2026-08-09,2026-08-09
brie-matthews-instagram,Brie Matthews,creator-instagram,instagram,https://www.instagram.com/brie_matthews/,@brie_matthews,282K,,Brie Matthews,postpartum/motherhood creator,brie@famfluence.com,email,awareness,"Brie's raw, honest postpartum audience would connect with a thin liner designed purely to keep new moms dry and discreet during postpartum recovery.",prospecting,P0,websearch-serp,Brie Matthews postpartum influencer instagram handle,"wedge=compliant; bio literally 'family, fitness, postpartum & all the in-between,' direct brand email via famfluence.com",2026-08-09,2026-08-09
jordan-adams-the-ftd-brothers-instagram,Jordan Adams (The FTD Brothers),creator-instagram,instagram,https://www.instagram.com/theftdbrothers/,@theftdbrothers,715K,,Jordan Adams,FTD dementia awareness creator,theftdbrothers@gmail.com,email,awareness,"The FTD Brothers' community of families facing dementia would value a physician-founded liner that adds quiet, discreet dryness for loved ones' daily care.",prospecting,P3,websearch-serp,dementia influencers directory (iqfluence.io),"wedge=compliant; runs FTD research-fundraising running challenges (715K); caveat — audience skews younger/fitness vs. core 45+ caregiver buyer, verify fit before investing",2026-08-09,2026-08-09
bladder-health-uk-instagram,Bladder Health UK,creator-instagram,instagram,https://www.instagram.com/bladderhealthuk/,@bladderhealthuk,3.4K,UK,,bladder/continence charity,,contact-form,awareness,"Bladder Health UK's community managing continence issues would value a thin, physician-founded liner designed purely for everyday dryness and discretion inside any product they already use.",prospecting,P1,websearch-serp,bladder health coach instagram creator UTI prevention,"wedge=uti; UK charity supporting cystitis/Fowler's Syndrome/overactive bladder/continence, runs World Continence Week campaigns",2026-08-09,2026-08-09
lisa-marshall-oh-hello-alzheimer-s-instagram,Lisa Marshall (Oh Hello Alzheimer's),creator-instagram,instagram,https://www.instagram.com/ohhelloalzheimers/,@ohhelloalzheimers,10.9K,Connecticut,Lisa Marshall,young-onset Alzheimer's caregiver/author,,contact-form,awareness,Lisa's caregiver-guide audience would value a discreet barrier liner that adds dryness and dignity inside a loved one's existing briefs.,prospecting,P1,websearch-serp,"""Oh Hello Alzheimer's"" Lisa Marshall instagram handle","wedge=compliant; widow/author after husband's early-onset Alzheimer's diagnosis at 53, TODAY show-featured, positions herself as a 'Caregiver Guide'",2026-08-09,2026-08-09
carol-campbell-instagram,Carol Campbell,creator-instagram,instagram,https://www.instagram.com/campbellcaregivercoach/,@campbellcaregivercoach,151,,Carol Campbell,family caregiver coach,,contact-form,awareness,"A simple, dignity-first barrier liner that adds dryness inside a parent's existing briefs fits the practical caregiving tips Carol shares.",prospecting,P3,websearch-serp,"""family caregiver"" instagram creator 2026 unpaid caregiving advocate content creator","wedge=compliant; Caregiver Clarity Call coaching, content on burnout prevention & young caregivers; small but real audience",2026-08-09,2026-08-09
marnie-simpson-instagram,Marnie Simpson,creator-instagram,instagram,https://www.instagram.com/marns/,@marns,5.3M,UK,Marnie Simpson,chronic UTI advocate/celebrity,marniesimpsonbookings@gmail.com,email,awareness,"Marnie's openness about her bladder-health struggles would resonate with a thin, physician-founded liner designed purely for everyday dryness and discretion.",prospecting,P2,websearch-serp,Marnie Simpson chronic UTI instagram handle followers,wedge=uti; UK reality-TV personality (Geordie Shore) who partnered with Live UTI Free to publicly share her chronic-UTI story; large/cold reach but on-topic content history and booking email available,2026-08-09,2026-08-09
jessica-c-guthrie-instagram,Jessica C. Guthrie,creator-instagram,instagram,https://www.instagram.com/careercaregivingcollide/,@careercaregivingcollide,29.7K,"Fredericksburg, VA",Jessica C. Guthrie,millennial caregiver advocate,hello@jessicacguthrie.com,email,awareness,Jessica's millennial-caregiver audience would appreciate a discreet barrier liner that adds dryness and dignity inside her mom's existing briefs without changing the routine.,prospecting,P0,websearch-serp,millennial caregiver instagram creator mom Alzheimer's content 2026,"wedge=compliant; 11+ year caregiver for her mom's early-onset Alzheimer's, founded 'When Career & Caregiving Collide,' direct email confirmed",2026-08-09,2026-08-09
dementia-carers-count-instagram,Dementia Carers Count,creator-instagram,instagram,https://www.instagram.com/dementiacarerscount/,@dementiacarerscount,4.2K,UK,,dementia carer charity,,contact-form,awareness,"Dementia Carers Count's carer community would value a simple, dignity-preserving liner that adds discreet dryness inside a loved one's existing briefs.",prospecting,P2,websearch-serp,dementia caregiver instagram creator UK Australia Canada 2026,"wedge=compliant; UK charity campaigning/advocating for dementia carers, runs #WESEEYOU carer-recognition content series",2026-08-09,2026-08-09
pat-bailey-instagram,Pat Bailey,creator-instagram,instagram,https://www.instagram.com/caregivercoachpatbailey/,@caregivercoachpatbailey,3K,"Fort Worth, TX",Pat Bailey,caregiver coach,,contact-form,awareness,"Pat's caregiver-coaching audience would welcome a discreet, dignity-first liner that adds dryness inside whatever product a loved one already wears.",prospecting,P2,websearch-serp,caregiver instagram creator stepfamily in-law elderly parent support content,"wedge=compliant; Founder of Finding New Tomorrows & She Ages Well Skin Care, Fort Worth TX-based caregiver coaching and community events",2026-08-09,2026-08-09
brittany-noonan-instagram,Brittany Noonan,creator-instagram,instagram,https://www.instagram.com/bybrittanynoonan/,@bybrittanynoonan,158K,Australia,Brittany Noonan,postpartum/motherhood creator,brittany@srss.info,email,awareness,Brittany's honest postpartum-recovery content is a natural fit for a thin liner designed purely to keep new moms dry and discreet during recovery.,prospecting,P1,websearch-serp,Brittany Noonan postpartum instagram handle real honest,"wedge=compliant; Australian mum-of-4 creator with a dedicated 'Postpartum' story highlight, raw/honest C-section recovery content, direct email available",2026-08-09,2026-08-09
fyi50plus-publication,FYI 50+,publication-health,website,https://fyi50plus.com,,,US,Heidi,editor,heidi@fyi50plus.com,email,awareness,Bladder-health-after-50 readers; product review + expert source + write-for-us,prospecting,P1,websearch-serp,menopause/50+ bladder query 2026-08-18,Gmail draft staged 2026-08-18 (heidi@); /advertise + author-partnership write-for-us,2026-08-18,2026-08-18
allseniors-foundation,All Seniors Foundation,publication-health,website,https://allseniors.org,,,US,,,,contact-form,awareness,Publishes 2026 caregiver incontinence roundups — inclusion pitch,prospecting,P2,websearch-serp,best incontinence products elderly 2026,Multiple 2026 caregiver incontinence guides; contact path TBD,2026-08-18,2026-08-18
by-winona-telehealth,By Winona,publication-health,website,https://bywinona.com,,,US,,,,contact-form,awareness,Menopause telehealth content; bladder-leak audience — expert source/guest post,prospecting,P2,websearch-serp,menopause incontinence blog 2026-08-18,Menopause brand blog; partner/editorial contact TBD,2026-08-18,2026-08-18
womens-health-network,Womens Health Network,publication-health,website,https://www.womenshealthnetwork.com,,,US,,,,contact-form,awareness,Candid menopause+incontinence content; expert source / contributed piece,prospecting,P2,websearch-serp,menopause incontinence resource 2026-08-18,Editorial fit; contact path TBD,2026-08-18,2026-08-18
eldercare-success-podcast,Eldercare Success (Nancy May),podcast,podcast,https://www.eldercaresuccess.live,,,US,Nancy May,host,,contact-form,awareness,"Founder/Dr Krieger guest — incontinence, dignity, caregiver relief",prospecting,P2,websearch-serp,caregiving podcast accepting guests 2026,Guest via /contact/ + voice message; no public email,2026-08-18,2026-08-18
seniorlivingguide-podcast,SeniorLivingGuide.com Podcast,podcast,podcast,https://seniorlivingguide.com/podcast,,,US,,,,contact-form,awareness,Explicitly invites guests; founder guest spot + show-notes link,prospecting,P1,websearch-serp,podcast invites guests eldercare 2026,Invites guest applications; page 403 to bot — locate guest form manually,2026-08-18,2026-08-18
acap-community-podcast,ACAP Podcasts,podcast,podcast,https://acapcommunity.org/podcasts,,,US,Frances Hall,director,,contact-form,awareness,Adult-children caregivers; monthly expert interviews — guest spot,prospecting,P2,websearch-serp,adult children aging parents podcast 2026,Monthly expert guest interviews for adult-child caregivers,2026-08-18,2026-08-18
origin-theoriginway,Origin (theoriginway.com),publication-health,website,https://www.theoriginway.com,,,,,,info@theoriginway.com,email,awareness,Pelvic-PT incontinence roundup inclusion; sample for PT review,prospecting,P1,websearch-serp,pelvic floor PT incontinence products 2026-08-18,Gmail draft staged 2026-08-18; press route /press; Dr Morgan Conner roundup,2026-08-18,2026-08-18
caregiver-action-network,Caregiver Action Network,b2b-association,website,https://www.caregiveraction.org,,,,,,info@caregiveraction.org,email,awareness,Corporate Partners program + caregiver-resource fit,prospecting,P2,websearch-serp,caregiver nonprofit corporate partners 2026-08-18,Gmail draft staged 2026-08-18; Corporate Partners page,2026-08-18,2026-08-18
caring-senior-service,Caring Senior Service,b2b-homehealth,website,https://caringseniorservice.com,,,,,,,contact-form,awareness,Publishes incontinence product roundups (Top 7),prospecting,P2,websearch-serp,caregiver blog incontinence roundup 2026-08-18,No public email; route via HQ/locations form,2026-08-18,2026-08-18
the-flow-space,The Flow Space,publication-health,website,https://www.theflowspace.com,,,,,,,contact-form,awareness,Bladder-leak roundups; frame as worn-inside dryness layer NOT pad,prospecting,P3,websearch-serp,midlife bladder leak underwear roundup 2026-08-18,CAUTION: their experts (Fosnight/Neri) advise against liners for incontinence; pitch carefully or skip,2026-08-18,2026-08-18
reborn-pelvic-health,Reborn Pelvic Health & Wellness,b2b-clinic,website,https://rebornphw.com,,,,,,,contact-form,awareness,Pelvic health clinic blog; expert/product mention,prospecting,P3,websearch-serp,pelvic floor clinic blog 2026-08-18,Clinic blog; smaller reach,2026-08-18,2026-08-18
seniorresource,SeniorResource.com,publication-health,website,https://www.seniorresource.com,,,,,,care@seniorresource.com,email,awareness,"Write-for-us guest article (dofollow); incontinence-with-dignity, MD author",prospecting,P1,websearch-serp,senior caregiver write for us 2026-08-18,Gmail draft staged 2026-08-18; wants bio + 3 published links,2026-08-18,2026-08-18
soakandsoothe,Soak and Soothe,publication-health,website,https://www.soakandsoothe.com,,,,,,info@soakandsoothe.com,email,awareness,"Aging-in-place guest post (600+ words), bladder-leak dignity",prospecting,P2,websearch-serp,aging in place guest post 2026-08-18,Gmail draft staged 2026-08-18; subject must contain GUEST POST,2026-08-18,2026-08-18
healthyaging-net,Healthy Aging (healthyaging.net),publication-health,website,https://healthyaging.net,,,,,,,contact-form,awareness,45+ media kit / sponsored content — paid placement,prospecting,P2,websearch-serp,healthy aging media kit 2026,Formal media kit; paid advertising route,2026-08-18,2026-08-18
the-midst,The Midst (Amy Cuevas Schroeder),publication-health,website,https://www.themidst.com,,,,,,,contact-form,awareness,Midlife women platform; perimenopause/real-life stories — editorial/expert source,prospecting,P2,websearch-serp,midlife women media platform 2026,Editorial fit women 40+; contact via site,2026-08-18,2026-08-18
home-care-growth,Home Care Growth,b2b-association,website,https://homecaregrowth.digital,,,,,,,email,awareness,Guest post (dofollow) home/senior care audience,prospecting,P3,websearch-serp,home care guest post dofollow 2026,Dofollow backlink guest post; pitch via their form/email,2026-08-18,2026-08-18
asksamie,AskSAMIE,publication-health,website,https://www.asksamie.com,,,,,,,contact-form,awareness,"Caregiving guest post (800+ words, keyword-targeted)",prospecting,P3,websearch-serp,caregiving write for us 2026,Strict: 3-5 topic ideas + keyword target required; unpaid,2026-08-18,2026-08-18
